Year,Period,Area,Unemployment Rate,Labor Force,Employment,Unemployment,Adjusted,Preliminary
2013,Jan,California,10.4%,18556500,16631900,1924600,Not Adj,Not Prelim
2013,Jan,Los Angeles County,10.9%,4891500,4357800,533800,Not Adj,Not Prelim
2013,Jan,Los Angeles City,12%,1915600,1684800,230800,Not Adj,Not Prelim
2013,Feb,California,9.699999999999999%,18648300,16835900,1812400,Not Adj,Not Prelim
2013,Feb,Los Angeles County,10.3%,4924000,4418000,506000,Not Adj,Not Prelim
2013,Feb,Los Angeles City,11.4%,1926900,1708100,218800,Not Adj,Not Prelim
2013,Mar,California,9.4%,18557800,16816800,1741000,Not Adj,Not Prelim
2013,Mar,Los Angeles County,9.9%,4895000,4409800,485200,Not Adj,Not Prelim
2013,Mar,Los Angeles City,11%,1914700,1704900,209800,Not Adj,Not Prelim
2013,Apr,California,8.5%,18524400,16944900,1579500,Not Adj,Not Prelim
2013,Apr,Los Angeles County,9.300000000000001%,4892700,4439400,453300,Not Adj,Not Prelim
2013,Apr,Los Angeles City,10.199999999999999%,1912300,1716300,196000,Not Adj,Not Prelim
2013,May,California,8.1%,18591100,17080100,1511000,Not Adj,Not Prelim
2013,May,Los Angeles County,9.199999999999999%,4924500,4469700,454800,Not Adj,Not Prelim
2013,May,Los Angeles City,10.199999999999999%,1924700,1728100,196600,Not Adj,Not Prelim
2013,Jun,California,8.9%,18694200,17038200,1656000,Not Adj,Not Prelim
2013,Jun,Los Angeles County,10.199999999999999%,4972400,4465600,506700,Not Adj,Not Prelim
2013,Jun,Los Angeles City,11.3%,1945600,1726500,219100,Not Adj,Not Prelim
2013,Jul,California,9.300000000000001%,18692400,16947100,1745300,Not Adj,Not Prelim
2013,Jul,Los Angeles County,10.8%,4991800,4451600,540100,Not Adj,Not Prelim
2013,Jul,Los Angeles City,11.9%,1954600,1721100,233500,Not Adj,Not Prelim
2013,Aug,California,8.800000000000001%,18655700,17005200,1650500,Not Adj,Not Prelim
2013,Aug,Los Angeles County,10.199999999999999%,4995500,4485800,509600,Not Adj,Not Prelim
2013,Aug,Los Angeles City,11.3%,1954600,1734300,220300,Not Adj,Not Prelim
2013,Sep,California,8.199999999999999%,18719000,17179000,1540100,Not Adj,Not Prelim
2013,Sep,Los Angeles County,9.300000000000001%,5033200,4562700,470500,Not Adj,Not Prelim
2013,Sep,Los Angeles City,10.3%,1967500,1764000,203400,Not Adj,Not Prelim
2013,Oct,California,8.300000000000001%,18574800,17025900,1548900,Not Adj,Not Prelim
2013,Oct,Los Angeles County,9.4%,4990700,4520200,470400,Not Adj,Not Prelim
2013,Oct,Los Angeles City,10.4%,1951000,1747600,203400,Not Adj,Not Prelim
2013,Nov,California,8.300000000000001%,18583100,17040900,1542200,Not Adj,Not Prelim
2013,Nov,Los Angeles County,9.4%,4972100,4506600,465500,Not Adj,Not Prelim
2013,Nov,Los Angeles City,10.4%,1943600,1742300,201300,Not Adj,Not Prelim
2013,Dec,California,7.9%,18503800,17037700,1466100,Not Adj,Prelim
2013,Dec,Los Angeles County,8.800000000000001%,4940200,4506400,433800,Not Adj,Prelim
2013,Dec,Los Angeles City,9.699999999999999%,1929800,1742300,187600,Not Adj,Prelim
2012,Jan,California,11.4%,18382600,16280200,2102400,Not Adj,Not Prelim
2012,Jan,Los Angeles County,11.9%,4881000,4300000,581000,Not Adj,Not Prelim
2012,Jan,Los Angeles City,13.1%,1913700,1662400,251200,Not Adj,Not Prelim
2012,Feb,California,11.3%,18474800,16391000,2083800,Not Adj,Not Prelim
2012,Feb,Los Angeles County,11.6%,4907200,4339100,568100,Not Adj,Not Prelim
2012,Feb,Los Angeles City,12.8%,1923200,1677600,245600,Not Adj,Not Prelim
2012,Mar,California,11.1%,18473100,16427700,2045400,Not Adj,Not Prelim
2012,Mar,Los Angeles County,11.2%,4886400,4337600,548900,Not Adj,Not Prelim
2012,Mar,Los Angeles City,12.4%,1914300,1677000,237300,Not Adj,Not Prelim
2012,Apr,California,10.3%,18373500,16483400,1890200,Not Adj,Not Prelim
2012,Apr,Los Angeles County,10.6%,4853100,4340800,512200,Not Adj,Not Prelim
2012,Apr,Los Angeles City,11.7%,1899700,1678200,221500,Not Adj,Not Prelim
2012,May,California,10.3%,18456400,16558100,1898300,Not Adj,Not Prelim
2012,May,Los Angeles County,10.8%,4869100,4344400,524700,Not Adj,Not Prelim
2012,May,Los Angeles City,11.9%,1906500,1679600,226900,Not Adj,Not Prelim
2012,Jun,California,10.7%,18521900,16538600,1983200,Not Adj,Not Prelim
2012,Jun,Los Angeles County,11.1%,4847700,4308800,538900,Not Adj,Not Prelim
2012,Jun,Los Angeles City,12.3%,1898900,1665900,233000,Not Adj,Not Prelim
2012,Jul,California,11%,18583300,16531700,2051600,Not Adj,Not Prelim
2012,Jul,Los Angeles County,11.9%,4889000,4307900,581100,Not Adj,Not Prelim
2012,Jul,Los Angeles City,13.1%,1916700,1665500,251200,Not Adj,Not Prelim
2012,Aug,California,10.5%,18507600,16555600,1952100,Not Adj,Not Prelim
2012,Aug,Los Angeles County,11.3%,4859300,4311200,548100,Not Adj,Not Prelim
2012,Aug,Los Angeles City,12.4%,1903800,1666800,237000,Not Adj,Not Prelim
2012,Sep,California,9.800000000000001%,18511700,16706600,1805100,Not Adj,Not Prelim
2012,Sep,Los Angeles County,10.4%,4871700,4365000,506700,Not Adj,Not Prelim
2012,Sep,Los Angeles City,11.5%,1906700,1687600,219100,Not Adj,Not Prelim
2012,Oct,California,9.800000000000001%,18602300,16780000,1822400,Not Adj,Not Prelim
2012,Oct,Los Angeles County,10.4%,4902400,4392900,509500,Not Adj,Not Prelim
2012,Oct,Los Angeles City,11.5%,1918700,1698400,220300,Not Adj,Not Prelim
2012,Nov,California,9.6%,18511100,16740200,1771000,Not Adj,Not Prelim
2012,Nov,Los Angeles County,10%,4892200,4404000,488200,Not Adj,Not Prelim
2012,Nov,Los Angeles City,11%,1913700,1702700,211100,Not Adj,Not Prelim
2012,Dec,California,9.800000000000001%,18540100,16731100,1809000,Not Adj,Not Prelim
2012,Dec,Los Angeles County,10.199999999999999%,4896900,4397000,499900,Not Adj,Not Prelim
2012,Dec,Los Angeles City,11.3%,1916100,1700000,216100,Not Adj,Not Prelim
2011,Jan,California,12.6%,18320200,16003500,2316800,Not Adj,Not Prelim
2011,Jan,Los Angeles County,12.8%,4930600,4298400,632300,Not Adj,Not Prelim
2011,Jan,Los Angeles City,14.1%,1935200,1661800,273400,Not Adj,Not Prelim
2011,Feb,California,12.3%,18333800,16079500,2254300,Not Adj,Not Prelim
2011,Feb,Los Angeles County,12.3%,4933900,4326900,607000,Not Adj,Not Prelim
2011,Feb,Los Angeles City,13.6%,1935300,1672800,262500,Not Adj,Not Prelim
2011,Mar,California,12.1%,18359500,16128900,2230600,Not Adj,Not Prelim
2011,Mar,Los Angeles County,12.1%,4925100,4328700,596400,Not Adj,Not Prelim
2011,Mar,Los Angeles City,13.4%,1931400,1673500,257900,Not Adj,Not Prelim
2011,Apr,California,11.5%,18306400,16194100,2112300,Not Adj,Not Prelim
2011,Apr,Los Angeles County,11.7%,4924400,4347500,576900,Not Adj,Not Prelim
2011,Apr,Los Angeles City,12.9%,1930300,1680800,249400,Not Adj,Not Prelim
2011,May,California,11.5%,18320800,16222100,2098700,Not Adj,Not Prelim
2011,May,Los Angeles County,12%,4911600,4324600,587000,Not Adj,Not Prelim
2011,May,Los Angeles City,13.2%,1925800,1672000,253800,Not Adj,Not Prelim
2011,Jun,California,12%,18379600,16165400,2214300,Not Adj,Not Prelim
2011,Jun,Los Angeles County,12.5%,4894000,4281900,612100,Not Adj,Not Prelim
2011,Jun,Los Angeles City,13.8%,1920100,1655500,264600,Not Adj,Not Prelim
2011,Jul,California,12.3%,18456300,16185000,2271400,Not Adj,Not Prelim
2011,Jul,Los Angeles County,13.2%,4930300,4279200,651100,Not Adj,Not Prelim
2011,Jul,Los Angeles City,14.5%,1935900,1654400,281500,Not Adj,Not Prelim
2011,Aug,California,12%,18477500,16267000,2210500,Not Adj,Not Prelim
2011,Aug,Los Angeles County,12.9%,4931500,4296500,635000,Not Adj,Not Prelim
2011,Aug,Los Angeles City,14.2%,1935600,1661100,274500,Not Adj,Not Prelim
2011,Sep,California,11.6%,18490300,16354100,2136300,Not Adj,Not Prelim
2011,Sep,Los Angeles County,12.5%,4947300,4331200,616100,Not Adj,Not Prelim
2011,Sep,Los Angeles City,13.7%,1940900,1674500,266400,Not Adj,Not Prelim
2011,Oct,California,11.3%,18502200,16404100,2098000,Not Adj,Not Prelim
2011,Oct,Los Angeles County,12.1%,4946700,4349800,597000,Not Adj,Not Prelim
2011,Oct,Los Angeles City,13.3%,1939800,1681700,258100,Not Adj,Not Prelim
2011,Nov,California,11%,18454800,16424800,2030000,Not Adj,Not Prelim
2011,Nov,Los Angeles County,11.6%,4927100,4356500,570600,Not Adj,Not Prelim
2011,Nov,Los Angeles City,12.8%,1931000,1684300,246700,Not Adj,Not Prelim
2011,Dec,California,11%,18452000,16418900,2033100,Not Adj,Not Prelim
2011,Dec,Los Angeles County,11.6%,4924100,4354900,569200,Not Adj,Not Prelim
2011,Dec,Los Angeles City,12.8%,1929800,1683700,246100,Not Adj,Not Prelim
2010,Jan,California,12.9%,18175700,15825700,2350100,Not Adj,Not Prelim
2010,Jan,Los Angeles County,12.8%,4855800,4232300,623500,Not Adj,Not Prelim
2010,Jan,Los Angeles City,14.1%,1905900,1636300,269600,Not Adj,Not Prelim
2010,Feb,California,12.8%,18236100,15904700,2331500,Not Adj,Not Prelim
2010,Feb,Los Angeles County,12.5%,4885600,4276400,609100,Not Adj,Not Prelim
2010,Feb,Los Angeles City,13.7%,1916700,1653300,263400,Not Adj,Not Prelim
2010,Mar,California,12.8%,18279200,15935800,2343400,Not Adj,Not Prelim
2010,Mar,Los Angeles County,12.5%,4890400,4280900,609500,Not Adj,Not Prelim
2010,Mar,Los Angeles City,13.7%,1918600,1655100,263500,Not Adj,Not Prelim
2010,Apr,California,12.1%,18330400,16106500,2223900,Not Adj,Not Prelim
2010,Apr,Los Angeles County,12.1%,4904800,4313400,591400,Not Adj,Not Prelim
2010,Apr,Los Angeles City,13.3%,1923300,1667700,255700,Not Adj,Not Prelim
2010,May,California,11.9%,18292500,16117800,2174700,Not Adj,Not Prelim
2010,May,Los Angeles County,12.2%,4885000,4291000,594000,Not Adj,Not Prelim
2010,May,Los Angeles City,13.4%,1915800,1659000,256800,Not Adj,Not Prelim
2010,Jun,California,12.2%,18315000,16083200,2231800,Not Adj,Not Prelim
2010,Jun,Los Angeles County,12.4%,4870700,4266600,604000,Not Adj,Not Prelim
2010,Jun,Los Angeles City,13.7%,1910700,1649600,261200,Not Adj,Not Prelim
2010,Jul,California,12.7%,18432500,16091400,2341100,Not Adj,Not Prelim
2010,Jul,Los Angeles County,13.3%,4934300,4277000,657300,Not Adj,Not Prelim
2010,Jul,Los Angeles City,14.7%,1937800,1653600,284200,Not Adj,Not Prelim
2010,Aug,California,12.5%,18447100,16149000,2298100,Not Adj,Not Prelim
2010,Aug,Los Angeles County,13.1%,4943400,4296800,646600,Not Adj,Not Prelim
2010,Aug,Los Angeles City,14.4%,1940800,1661200,279600,Not Adj,Not Prelim
2010,Sep,California,12%,18390200,16175900,2214300,Not Adj,Not Prelim
2010,Sep,Los Angeles County,12.6%,4946300,4325200,621100,Not Adj,Not Prelim
2010,Sep,Los Angeles City,13.8%,1940800,1672200,268500,Not Adj,Not Prelim
2010,Oct,California,12%,18351000,16149100,2201900,Not Adj,Not Prelim
2010,Oct,Los Angeles County,12.5%,4931200,4314700,616400,Not Adj,Not Prelim
2010,Oct,Los Angeles City,13.8%,1934700,1668200,266500,Not Adj,Not Prelim
2010,Nov,California,12.4%,18378000,16107800,2270200,Not Adj,Not Prelim
2010,Nov,Los Angeles County,12.7%,4948100,4320500,627600,Not Adj,Not Prelim
2010,Nov,Los Angeles City,14%,1941800,1670400,271400,Not Adj,Not Prelim
2010,Dec,California,12.1%,18338700,16115600,2223100,Not Adj,Not Prelim
2010,Dec,Los Angeles County,12.4%,4947100,4335400,611700,Not Adj,Not Prelim
2010,Dec,Los Angeles City,13.6%,1940600,1676200,264500,Not Adj,Not Prelim
2009,Jan,California,10.199999999999999%,18225900,16358800,1867000,Not Adj,Not Prelim
2009,Jan,Los Angeles County,10.6%,4924300,4401900,522400,Not Adj,Not Prelim
2009,Jan,Los Angeles City,11.7%,1927700,1701900,225900,Not Adj,Not Prelim
2009,Feb,California,10.6%,18270200,16327900,1942300,Not Adj,Not Prelim
2009,Feb,Los Angeles County,10.8%,4943100,4409900,533200,Not Adj,Not Prelim
2009,Feb,Los Angeles City,11.9%,1935500,1705000,230500,Not Adj,Not Prelim
2009,Mar,California,11%,18241500,16238400,2003100,Not Adj,Not Prelim
2009,Mar,Los Angeles County,11%,4926200,4383400,542700,Not Adj,Not Prelim
2009,Mar,Los Angeles City,12.2%,1929400,1694700,234700,Not Adj,Not Prelim
2009,Apr,California,10.5%,18196100,16285300,1910700,Not Adj,Not Prelim
2009,Apr,Los Angeles County,10.6%,4917300,4394300,523000,Not Adj,Not Prelim
2009,Apr,Los Angeles City,11.7%,1925100,1698900,226100,Not Adj,Not Prelim
2009,May,California,10.9%,18185900,16208500,1977400,Not Adj,Not Prelim
2009,May,Los Angeles County,11.2%,4908400,4357100,551300,Not Adj,Not Prelim
2009,May,Los Angeles City,12.4%,1922900,1684500,238400,Not Adj,Not Prelim
2009,Jun,California,11.5%,18275400,16168000,2107400,Not Adj,Not Prelim
2009,Jun,Los Angeles County,11.7%,4908500,4333300,575200,Not Adj,Not Prelim
2009,Jun,Los Angeles City,12.9%,1924000,1675300,248700,Not Adj,Not Prelim
2009,Jul,California,12%,18351300,16154700,2196500,Not Adj,Not Prelim
2009,Jul,Los Angeles County,12.5%,4941500,4321600,619900,Not Adj,Not Prelim
2009,Jul,Los Angeles City,13.8%,1938800,1670800,268000,Not Adj,Not Prelim
2009,Aug,California,11.8%,18269900,16106700,2163200,Not Adj,Not Prelim
2009,Aug,Los Angeles County,12.4%,4901700,4294000,607700,Not Adj,Not Prelim
2009,Aug,Los Angeles City,13.7%,1922900,1660200,262800,Not Adj,Not Prelim
2009,Sep,California,11.7%,18155600,16027700,2128000,Not Adj,Not Prelim
2009,Sep,Los Angeles County,12.2%,4876600,4279600,596900,Not Adj,Not Prelim
2009,Sep,Los Angeles City,13.5%,1912700,1654600,258100,Not Adj,Not Prelim
2009,Oct,California,11.9%,18166300,16007900,2158400,Not Adj,Not Prelim
2009,Oct,Los Angeles County,12.1%,4874800,4283400,591400,Not Adj,Not Prelim
2009,Oct,Los Angeles City,13.4%,1911800,1656000,255700,Not Adj,Not Prelim
2009,Nov,California,11.8%,18170700,16019200,2151600,Not Adj,Not Prelim
2009,Nov,Los Angeles County,11.8%,4886000,4309200,576800,Not Adj,Not Prelim
2009,Nov,Los Angeles City,13%,1915400,1666000,249400,Not Adj,Not Prelim
2009,Dec,California,12%,18079100,15909600,2169500,Not Adj,Not Prelim
2009,Dec,Los Angeles County,11.9%,4855200,4275800,579400,Not Adj,Not Prelim
2009,Dec,Los Angeles City,13.2%,1903600,1653100,250500,Not Adj,Not Prelim
2008,Jan,California,6.4%,18041700,16891400,1150200,Not Adj,Not Prelim
2008,Jan,Los Angeles County,6.2%,4899200,4597100,302100,Not Adj,Not Prelim
2008,Jan,Los Angeles City,6.8%,1908000,1777300,130600,Not Adj,Not Prelim
2008,Feb,California,6.2%,18023700,16908200,1115400,Not Adj,Not Prelim
2008,Feb,Los Angeles County,5.8%,4915100,4628000,287100,Not Adj,Not Prelim
2008,Feb,Los Angeles City,6.5%,1913400,1789300,124100,Not Adj,Not Prelim
2008,Mar,California,6.5%,18092300,16914900,1177300,Not Adj,Not Prelim
2008,Mar,Los Angeles County,6.2%,4923300,4619200,304100,Not Adj,Not Prelim
2008,Mar,Los Angeles City,6.9%,1917400,1785900,131500,Not Adj,Not Prelim
2008,Apr,California,6%,18071600,16987100,1084500,Not Adj,Not Prelim
2008,Apr,Los Angeles County,5.9%,4906500,4615000,291500,Not Adj,Not Prelim
2008,Apr,Los Angeles City,6.6%,1910300,1784200,126000,Not Adj,Not Prelim
2008,May,California,6.4%,18137200,16969700,1167500,Not Adj,Not Prelim
2008,May,Los Angeles County,6.7%,4904500,4575900,328600,Not Adj,Not Prelim
2008,May,Los Angeles City,7.4%,1911200,1769100,142100,Not Adj,Not Prelim
2008,Jun,California,6.9%,18234100,16971800,1262300,Not Adj,Not Prelim
2008,Jun,Los Angeles County,7.2%,4902600,4549900,352700,Not Adj,Not Prelim
2008,Jun,Los Angeles City,8%,1911600,1759100,152500,Not Adj,Not Prelim
2008,Jul,California,7.6%,18351300,16964800,1386600,Not Adj,Not Prelim
2008,Jul,Los Angeles County,8.199999999999999%,4968800,4561800,407000,Not Adj,Not Prelim
2008,Jul,Los Angeles City,9.1%,1939600,1763700,176000,Not Adj,Not Prelim
2008,Aug,California,7.7%,18326200,16915800,1410400,Not Adj,Not Prelim
2008,Aug,Los Angeles County,8.4%,4948300,4533500,414800,Not Adj,Not Prelim
2008,Aug,Los Angeles City,9.300000000000001%,1932100,1752700,179400,Not Adj,Not Prelim
2008,Sep,California,7.6%,18270100,16887900,1382300,Not Adj,Not Prelim
2008,Sep,Los Angeles County,8.199999999999999%,4949700,4542300,407400,Not Adj,Not Prelim
2008,Sep,Los Angeles City,9.1%,1932300,1756100,176100,Not Adj,Not Prelim
2008,Oct,California,7.9%,18346100,16897800,1448200,Not Adj,Not Prelim
2008,Oct,Los Angeles County,8.5%,4977000,4555400,421600,Not Adj,Not Prelim
2008,Oct,Los Angeles City,9.4%,1943500,1761200,182300,Not Adj,Not Prelim
2008,Nov,California,8.300000000000001%,18297900,16771700,1526200,Not Adj,Not Prelim
2008,Nov,Los Angeles County,8.800000000000001%,4974400,4534600,439800,Not Adj,Not Prelim
2008,Nov,Los Angeles City,9.800000000000001%,1943300,1753200,190200,Not Adj,Not Prelim
2008,Dec,California,9%,18296000,16645100,1650900,Not Adj,Not Prelim
2008,Dec,Los Angeles County,9.5%,4962500,4490100,472400,Not Adj,Not Prelim
2008,Dec,Los Angeles City,10.5%,1940200,1736000,204200,Not Adj,Not Prelim
2007,Jan,California,5.5%,17799200,16828200,971000,Not Adj,Not Prelim
2007,Jan,Los Angeles County,5.1%,4816400,4572300,244100,Not Adj,Not Prelim
2007,Jan,Los Angeles City,5.6%,1873300,1767700,105500,Not Adj,Not Prelim
2007,Feb,California,5.3%,17817600,16869200,948400,Not Adj,Not Prelim
2007,Feb,Los Angeles County,4.8%,4835300,4603400,231900,Not Adj,Not Prelim
2007,Feb,Los Angeles City,5.3%,1880000,1779800,100300,Not Adj,Not Prelim
2007,Mar,California,5.2%,17843000,16916000,927000,Not Adj,Not Prelim
2007,Mar,Los Angeles County,4.8%,4842000,4611800,230200,Not Adj,Not Prelim
2007,Mar,Los Angeles City,5.3%,1882500,1783000,99500,Not Adj,Not Prelim
2007,Apr,California,5%,17780400,16888100,892400,Not Adj,Not Prelim
2007,Apr,Los Angeles County,4.6%,4829200,4608900,220300,Not Adj,Not Prelim
2007,Apr,Los Angeles City,5.1%,1877100,1781900,95200,Not Adj,Not Prelim
2007,May,California,4.8%,17787400,16929000,858400,Not Adj,Not Prelim
2007,May,Los Angeles County,4.5%,4822500,4604400,218100,Not Adj,Not Prelim
2007,May,Los Angeles City,5%,1874400,1780100,94300,Not Adj,Not Prelim
2007,Jun,California,5.3%,17919700,16976800,942900,Not Adj,Not Prelim
2007,Jun,Los Angeles County,4.9%,4845300,4606100,239200,Not Adj,Not Prelim
2007,Jun,Los Angeles City,5.5%,1884200,1780800,103400,Not Adj,Not Prelim
2007,Jul,California,5.7%,18038900,17009900,1029000,Not Adj,Not Prelim
2007,Jul,Los Angeles County,5.6%,4905100,4628700,276400,Not Adj,Not Prelim
2007,Jul,Los Angeles City,6.3%,1909000,1789500,119500,Not Adj,Not Prelim
2007,Aug,California,5.5%,17957300,16976900,980500,Not Adj,Not Prelim
2007,Aug,Los Angeles County,5.3%,4885600,4624300,261400,Not Adj,Not Prelim
2007,Aug,Los Angeles City,5.9%,1900800,1787800,113000,Not Adj,Not Prelim
2007,Sep,California,5.3%,17989100,17027100,962000,Not Adj,Not Prelim
2007,Sep,Los Angeles County,5.3%,4899000,4640700,258300,Not Adj,Not Prelim
2007,Sep,Los Angeles City,5.9%,1905800,1794200,111700,Not Adj,Not Prelim
2007,Oct,California,5.4%,17998900,17034900,963900,Not Adj,Not Prelim
2007,Oct,Los Angeles County,5.2%,4909000,4655900,253100,Not Adj,Not Prelim
2007,Oct,Los Angeles City,5.7%,1909500,1800100,109400,Not Adj,Not Prelim
2007,Nov,California,5.5%,18062700,17066600,996100,Not Adj,Not Prelim
2007,Nov,Los Angeles County,5.2%,4944700,4686300,258400,Not Adj,Not Prelim
2007,Nov,Los Angeles City,5.8%,1923500,1811800,111700,Not Adj,Not Prelim
2007,Dec,California,5.8%,18058100,17006100,1052000,Not Adj,Not Prelim
2007,Dec,Los Angeles County,5.5%,4936100,4664800,271300,Not Adj,Not Prelim
2007,Dec,Los Angeles City,6.1%,1920800,1803500,117300,Not Adj,Not Prelim
2006,Jan,California,5.4%,17506500,16569700,936800,Not Adj,Not Prelim
2006,Jan,Los Angeles County,5.3%,4790700,4538500,252300,Not Adj,Not Prelim
2006,Jan,Los Angeles City,5.9%,1863700,1754700,109100,Not Adj,Not Prelim
2006,Feb,California,5.3%,17579800,16642200,937600,Not Adj,Not Prelim
2006,Feb,Los Angeles County,5.2%,4825400,4576700,248600,Not Adj,Not Prelim
2006,Feb,Los Angeles City,5.7%,1877000,1769500,107500,Not Adj,Not Prelim
2006,Mar,California,5.1%,17588100,16684300,903800,Not Adj,Not Prelim
2006,Mar,Los Angeles County,4.7%,4820800,4592700,228100,Not Adj,Not Prelim
2006,Mar,Los Angeles City,5.3%,1874200,1775600,98600,Not Adj,Not Prelim
2006,Apr,California,4.9%,17562400,16708300,854100,Not Adj,Not Prelim
2006,Apr,Los Angeles County,4.6%,4795000,4576400,218600,Not Adj,Not Prelim
2006,Apr,Los Angeles City,5.1%,1863800,1769300,94500,Not Adj,Not Prelim
2006,May,California,4.6%,17580000,16771000,809000,Not Adj,Not Prelim
2006,May,Los Angeles County,4.7%,4792800,4569500,223300,Not Adj,Not Prelim
2006,May,Los Angeles City,5.2%,1863200,1766600,96500,Not Adj,Not Prelim
2006,Jun,California,4.9%,17676300,16809300,867000,Not Adj,Not Prelim
2006,Jun,Los Angeles County,4.7%,4777700,4552200,225500,Not Adj,Not Prelim
2006,Jun,Los Angeles City,5.2%,1857500,1760000,97500,Not Adj,Not Prelim
2006,Jul,California,5.2%,17779600,16846900,932800,Not Adj,Not Prelim
2006,Jul,Los Angeles County,5.4%,4813800,4555300,258500,Not Adj,Not Prelim
2006,Jul,Los Angeles City,6%,1872900,1761200,111800,Not Adj,Not Prelim
2006,Aug,California,4.9%,17768600,16895300,873400,Not Adj,Not Prelim
2006,Aug,Los Angeles County,5.1%,4790500,4545400,245100,Not Adj,Not Prelim
2006,Aug,Los Angeles City,5.7%,1863300,1757300,106000,Not Adj,Not Prelim
2006,Sep,California,4.6%,17715500,16899300,816200,Not Adj,Not Prelim
2006,Sep,Los Angeles County,4.7%,4798800,4571100,227800,Not Adj,Not Prelim
2006,Sep,Los Angeles City,5.3%,1865700,1767300,98500,Not Adj,Not Prelim
2006,Oct,California,4.4%,17801400,17015100,786300,Not Adj,Not Prelim
2006,Oct,Los Angeles County,4.4%,4821400,4611200,210200,Not Adj,Not Prelim
2006,Oct,Los Angeles City,4.8%,1873700,1782800,90900,Not Adj,Not Prelim
2006,Nov,California,4.7%,17820700,16983900,836800,Not Adj,Not Prelim
2006,Nov,Los Angeles County,4.4%,4831300,4620400,210800,Not Adj,Not Prelim
2006,Nov,Los Angeles City,4.9%,1877500,1786300,91200,Not Adj,Not Prelim
2006,Dec,California,4.7%,17861400,17029900,831400,Not Adj,Not Prelim
2006,Dec,Los Angeles County,4.3%,4845500,4635300,210200,Not Adj,Not Prelim
2006,Dec,Los Angeles City,4.8%,1883000,1792100,90900,Not Adj,Not Prelim
2005,Jan,California,6.2%,17380000,16305500,1074500,Not Adj,Not Prelim
2005,Jan,Los Angeles County,6.1%,4725500,4436500,289000,Not Adj,Not Prelim
2005,Jan,Los Angeles City,6.8%,1840200,1715200,125000,Not Adj,Not Prelim
2005,Feb,California,6.1%,17455500,16383300,1072200,Not Adj,Not Prelim
2005,Feb,Los Angeles County,6%,4754200,4470700,283500,Not Adj,Not Prelim
2005,Feb,Los Angeles City,6.6%,1851000,1728500,122600,Not Adj,Not Prelim
2005,Mar,California,5.8%,17424900,16411100,1013800,Not Adj,Not Prelim
2005,Mar,Los Angeles County,5.6%,4746600,4482600,264000,Not Adj,Not Prelim
2005,Mar,Los Angeles City,6.2%,1847200,1733000,114200,Not Adj,Not Prelim
2005,Apr,California,5.4%,17448000,16512100,935900,Not Adj,Not Prelim
2005,Apr,Los Angeles County,5.3%,4760100,4508100,252000,Not Adj,Not Prelim
2005,Apr,Los Angeles City,5.9%,1851900,1742900,109000,Not Adj,Not Prelim
2005,May,California,5.1%,17468500,16572000,896500,Not Adj,Not Prelim
2005,May,Los Angeles County,5.3%,4751200,4501500,249700,Not Adj,Not Prelim
2005,May,Los Angeles City,5.8%,1848300,1740400,108000,Not Adj,Not Prelim
2005,Jun,California,5.4%,17534000,16583900,950100,Not Adj,Not Prelim
2005,Jun,Los Angeles County,5.3%,4736100,4483500,252600,Not Adj,Not Prelim
2005,Jun,Los Angeles City,5.9%,1842600,1733400,109200,Not Adj,Not Prelim
2005,Jul,California,5.6%,17647300,16663000,984400,Not Adj,Not Prelim
2005,Jul,Los Angeles County,5.6%,4782700,4512700,270000,Not Adj,Not Prelim
2005,Jul,Los Angeles City,6.3%,1861400,1744700,116700,Not Adj,Not Prelim
2005,Aug,California,5.2%,17658300,16735700,922600,Not Adj,Not Prelim
2005,Aug,Los Angeles County,5.1%,4771100,4527500,243600,Not Adj,Not Prelim
2005,Aug,Los Angeles City,5.7%,1855700,1750400,105300,Not Adj,Not Prelim
2005,Sep,California,5.1%,17612000,16713000,898900,Not Adj,Not Prelim
2005,Sep,Los Angeles County,5%,4779000,4542000,237000,Not Adj,Not Prelim
2005,Sep,Los Angeles City,5.5%,1858500,1756000,102500,Not Adj,Not Prelim
2005,Oct,California,5%,17669200,16778100,891100,Not Adj,Not Prelim
2005,Oct,Los Angeles County,4.9%,4807100,4573800,233300,Not Adj,Not Prelim
2005,Oct,Los Angeles City,5.4%,1869200,1768300,100900,Not Adj,Not Prelim
2005,Nov,California,5.2%,17629000,16707600,921400,Not Adj,Not Prelim
2005,Nov,Los Angeles County,5.2%,4822400,4573100,249300,Not Adj,Not Prelim
2005,Nov,Los Angeles City,5.7%,1875800,1768000,107800,Not Adj,Not Prelim
2005,Dec,California,4.9%,17610600,16741200,869400,Not Adj,Not Prelim
2005,Dec,Los Angeles County,5%,4821000,4580100,240800,Not Adj,Not Prelim
2005,Dec,Los Angeles City,5.6%,1874900,1770800,104100,Not Adj,Not Prelim
2004,Jan,California,7%,17368000,16152200,1215800,Not Adj,Not Prelim
2004,Jan,Los Angeles County,6.9%,4734700,4407000,327700,Not Adj,Not Prelim
2004,Jan,Los Angeles City,7.7%,1845500,1703800,141700,Not Adj,Not Prelim
2004,Feb,California,6.8%,17390500,16215600,1174800,Not Adj,Not Prelim
2004,Feb,Los Angeles County,6.6%,4753400,4440200,313200,Not Adj,Not Prelim
2004,Feb,Los Angeles City,7.3%,1852100,1716700,135400,Not Adj,Not Prelim
2004,Mar,California,6.9%,17402100,16195900,1206200,Not Adj,Not Prelim
2004,Mar,Los Angeles County,6.8%,4755800,4433500,322300,Not Adj,Not Prelim
2004,Mar,Los Angeles City,7.5%,1853400,1714100,139400,Not Adj,Not Prelim
2004,Apr,California,6.3%,17323700,16236700,1087000,Not Adj,Not Prelim
2004,Apr,Los Angeles County,6.5%,4735500,4429600,305800,Not Adj,Not Prelim
2004,Apr,Los Angeles City,7.2%,1844800,1712600,132200,Not Adj,Not Prelim
2004,May,California,6.1%,17334600,16285300,1049300,Not Adj,Not Prelim
2004,May,Los Angeles County,6.5%,4731600,4421800,309800,Not Adj,Not Prelim
2004,May,Los Angeles City,7.3%,1843500,1709600,133900,Not Adj,Not Prelim
2004,Jun,California,6.4%,17442000,16317300,1124700,Not Adj,Not Prelim
2004,Jun,Los Angeles County,6.9%,4735400,4408800,326600,Not Adj,Not Prelim
2004,Jun,Los Angeles City,7.7%,1845700,1704500,141200,Not Adj,Not Prelim
2004,Jul,California,6.5%,17557000,16413000,1144000,Not Adj,Not Prelim
2004,Jul,Los Angeles County,7.1%,4792400,4451600,340800,Not Adj,Not Prelim
2004,Jul,Los Angeles City,7.9%,1868400,1721100,147300,Not Adj,Not Prelim
2004,Aug,California,6%,17510900,16457900,1052900,Not Adj,Not Prelim
2004,Aug,Los Angeles County,6.6%,4763200,4448900,314300,Not Adj,Not Prelim
2004,Aug,Los Angeles City,7.3%,1855900,1720000,135900,Not Adj,Not Prelim
2004,Sep,California,5.7%,17432800,16435600,997200,Not Adj,Not Prelim
2004,Sep,Los Angeles County,6.3%,4763400,4463300,300000,Not Adj,Not Prelim
2004,Sep,Los Angeles City,7%,1855300,1725600,129700,Not Adj,Not Prelim
2004,Oct,California,5.7%,17524200,16516900,1007300,Not Adj,Not Prelim
2004,Oct,Los Angeles County,6.2%,4792800,4497700,295100,Not Adj,Not Prelim
2004,Oct,Los Angeles City,6.8%,1866500,1738900,127600,Not Adj,Not Prelim
2004,Nov,California,5.8%,17536500,16515200,1021300,Not Adj,Not Prelim
2004,Nov,Los Angeles County,6.1%,4812300,4520300,292000,Not Adj,Not Prelim
2004,Nov,Los Angeles City,6.7%,1873900,1747600,126200,Not Adj,Not Prelim
2004,Dec,California,5.7%,17511000,16515600,995400,Not Adj,Not Prelim
2004,Dec,Los Angeles County,5.8%,4804400,4526600,277800,Not Adj,Not Prelim
2004,Dec,Los Angeles City,6.4%,1870200,1750100,120100,Not Adj,Not Prelim
2003,Jan,California,7.3%,17347800,16076000,1271800,Not Adj,Not Prelim
2003,Jan,Los Angeles County,7%,4746600,4413000,333500,Not Adj,Not Prelim
2003,Jan,Los Angeles City,7.8%,1850400,1706200,144200,Not Adj,Not Prelim
2003,Feb,California,7.2%,17405200,16150600,1254600,Not Adj,Not Prelim
2003,Feb,Los Angeles County,6.9%,4784000,4454300,329600,Not Adj,Not Prelim
2003,Feb,Los Angeles City,7.6%,1864700,1722100,142500,Not Adj,Not Prelim
2003,Mar,California,7.1%,17380000,16153700,1226200,Not Adj,Not Prelim
2003,Mar,Los Angeles County,6.6%,4777100,4460100,317100,Not Adj,Not Prelim
2003,Mar,Los Angeles City,7.4%,1861400,1724300,137100,Not Adj,Not Prelim
2003,Apr,California,6.7%,17346100,16179600,1166500,Not Adj,Not Prelim
2003,Apr,Los Angeles County,6.5%,4753900,4443200,310700,Not Adj,Not Prelim
2003,Apr,Los Angeles City,7.3%,1852200,1717800,134300,Not Adj,Not Prelim
2003,May,California,6.6%,17312400,16176600,1135800,Not Adj,Not Prelim
2003,May,Los Angeles County,6.7%,4739900,4422300,317600,Not Adj,Not Prelim
2003,May,Los Angeles City,7.4%,1847100,1709700,137300,Not Adj,Not Prelim
2003,Jun,California,7.2%,17446600,16190900,1255700,Not Adj,Not Prelim
2003,Jun,Los Angeles County,7.4%,4755700,4401600,354100,Not Adj,Not Prelim
2003,Jun,Los Angeles City,8.300000000000001%,1854800,1701700,153100,Not Adj,Not Prelim
2003,Jul,California,7.2%,17433500,16177100,1256400,Not Adj,Not Prelim
2003,Jul,Los Angeles County,7.7%,4772700,4403200,369500,Not Adj,Not Prelim
2003,Jul,Los Angeles City,8.6%,1862100,1702400,159800,Not Adj,Not Prelim
2003,Aug,California,6.9%,17418400,16218800,1199600,Not Adj,Not Prelim
2003,Aug,Los Angeles County,7.4%,4754800,4400600,354100,Not Adj,Not Prelim
2003,Aug,Los Angeles City,8.300000000000001%,1854500,1701400,153100,Not Adj,Not Prelim
2003,Sep,California,6.5%,17347200,16211400,1135700,Not Adj,Not Prelim
2003,Sep,Los Angeles County,7.1%,4745700,4406500,339300,Not Adj,Not Prelim
2003,Sep,Los Angeles City,7.9%,1850300,1703600,146700,Not Adj,Not Prelim
2003,Oct,California,6.5%,17434300,16293100,1141100,Not Adj,Not Prelim
2003,Oct,Los Angeles County,7%,4767000,4433300,333700,Not Adj,Not Prelim
2003,Oct,Los Angeles City,7.8%,1858300,1714000,144300,Not Adj,Not Prelim
2003,Nov,California,6.6%,17428100,16276000,1152200,Not Adj,Not Prelim
2003,Nov,Los Angeles County,6.8%,4763000,4438900,324100,Not Adj,Not Prelim
2003,Nov,Los Angeles City,7.5%,1856300,1716200,140100,Not Adj,Not Prelim
2003,Dec,California,6.3%,17388500,16296900,1091600,Not Adj,Not Prelim
2003,Dec,Los Angeles County,6.3%,4748800,4447600,301200,Not Adj,Not Prelim
2003,Dec,Los Angeles City,7%,1849700,1719500,130200,Not Adj,Not Prelim
2002,Jan,California,7%,17218600,16008900,1209700,Not Adj,Not Prelim
2002,Jan,Los Angeles County,7%,4757900,4422800,335100,Not Adj,Not Prelim
2002,Jan,Los Angeles City,7.8%,1854800,1709900,144900,Not Adj,Not Prelim
2002,Feb,California,6.8%,17348100,16162300,1185800,Not Adj,Not Prelim
2002,Feb,Los Angeles County,6.8%,4803500,4476400,327100,Not Adj,Not Prelim
2002,Feb,Los Angeles City,7.6%,1872100,1730700,141400,Not Adj,Not Prelim
2002,Mar,California,6.9%,17326100,16128000,1198100,Not Adj,Not Prelim
2002,Mar,Los Angeles County,6.9%,4788900,4460300,328600,Not Adj,Not Prelim
2002,Mar,Los Angeles City,7.6%,1866500,1724500,142100,Not Adj,Not Prelim
2002,Apr,California,6.6%,17270200,16128100,1142100,Not Adj,Not Prelim
2002,Apr,Los Angeles County,6.8%,4748400,4427900,320500,Not Adj,Not Prelim
2002,Apr,Los Angeles City,7.5%,1850500,1711900,138600,Not Adj,Not Prelim
2002,May,California,6.3%,17260400,16177000,1083400,Not Adj,Not Prelim
2002,May,Los Angeles County,6.7%,4733400,4418200,315200,Not Adj,Not Prelim
2002,May,Los Angeles City,7.4%,1844400,1708200,136300,Not Adj,Not Prelim
2002,Jun,California,6.8%,17330800,16153600,1177300,Not Adj,Not Prelim
2002,Jun,Los Angeles County,7.1%,4724400,4387500,336900,Not Adj,Not Prelim
2002,Jun,Los Angeles City,7.9%,1842000,1696300,145700,Not Adj,Not Prelim
2002,Jul,California,7%,17403600,16185700,1217900,Not Adj,Not Prelim
2002,Jul,Los Angeles County,7.4%,4781500,4427700,353800,Not Adj,Not Prelim
2002,Jul,Los Angeles City,8.199999999999999%,1864800,1711800,153000,Not Adj,Not Prelim
2002,Aug,California,6.7%,17404500,16232100,1172400,Not Adj,Not Prelim
2002,Aug,Los Angeles County,7.1%,4759400,4423600,335800,Not Adj,Not Prelim
2002,Aug,Los Angeles City,7.8%,1855400,1710200,145200,Not Adj,Not Prelim
2002,Sep,California,6.3%,17402500,16297800,1104700,Not Adj,Not Prelim
2002,Sep,Los Angeles County,6.5%,4784200,4472900,311200,Not Adj,Not Prelim
2002,Sep,Los Angeles City,7.2%,1863900,1729300,134600,Not Adj,Not Prelim
2002,Oct,California,6.4%,17425000,16301800,1123200,Not Adj,Not Prelim
2002,Oct,Los Angeles County,6.3%,4792300,4490200,302100,Not Adj,Not Prelim
2002,Oct,Los Angeles City,7%,1866600,1736000,130600,Not Adj,Not Prelim
2002,Nov,California,6.8%,17360100,16187000,1173100,Not Adj,Not Prelim
2002,Nov,Los Angeles County,6.4%,4781400,4476700,304700,Not Adj,Not Prelim
2002,Nov,Los Angeles City,7.1%,1862500,1730800,131700,Not Adj,Not Prelim
2002,Dec,California,6.7%,17372900,16207300,1165600,Not Adj,Not Prelim
2002,Dec,Los Angeles County,6.4%,4787100,4480900,306200,Not Adj,Not Prelim
2002,Dec,Los Angeles City,7.1%,1864800,1732400,132400,Not Adj,Not Prelim
2001,Jan,California,5.2%,17049200,16157600,891500,Not Adj,Not Prelim
2001,Jan,Los Angeles County,5.3%,4725300,4474700,250500,Not Adj,Not Prelim
2001,Jan,Los Angeles City,5.9%,1838300,1730000,108300,Not Adj,Not Prelim
2001,Feb,California,5.1%,17081800,16215900,866000,Not Adj,Not Prelim
2001,Feb,Los Angeles County,4.9%,4747700,4515700,232000,Not Adj,Not Prelim
2001,Feb,Los Angeles City,5.4%,1846100,1745900,100300,Not Adj,Not Prelim
2001,Mar,California,5.2%,17121400,16230300,891100,Not Adj,Not Prelim
2001,Mar,Los Angeles County,5%,4760200,4520700,239500,Not Adj,Not Prelim
2001,Mar,Los Angeles City,5.6%,1851300,1747800,103600,Not Adj,Not Prelim
2001,Apr,California,4.9%,17065100,16235800,829300,Not Adj,Not Prelim
2001,Apr,Los Angeles County,4.9%,4741200,4508000,233200,Not Adj,Not Prelim
2001,Apr,Los Angeles City,5.5%,1843700,1742900,100800,Not Adj,Not Prelim
2001,May,California,4.6%,17022300,16233800,788500,Not Adj,Not Prelim
2001,May,Los Angeles County,4.9%,4702400,4471800,230600,Not Adj,Not Prelim
2001,May,Los Angeles City,5.5%,1828600,1728900,99700,Not Adj,Not Prelim
2001,Jun,California,5.2%,17138300,16238700,899700,Not Adj,Not Prelim
2001,Jun,Los Angeles County,5.6%,4705200,4442400,262800,Not Adj,Not Prelim
2001,Jun,Los Angeles City,6.2%,1831200,1717500,113600,Not Adj,Not Prelim
2001,Jul,California,5.6%,17225100,16266100,959000,Not Adj,Not Prelim
2001,Jul,Los Angeles County,6.2%,4755500,4459800,295700,Not Adj,Not Prelim
2001,Jul,Los Angeles City,6.9%,1852100,1724300,127800,Not Adj,Not Prelim
2001,Aug,California,5.7%,17189300,16214700,974600,Not Adj,Not Prelim
2001,Aug,Los Angeles County,6.3%,4742200,4443700,298500,Not Adj,Not Prelim
2001,Aug,Los Angeles City,7%,1847100,1718000,129100,Not Adj,Not Prelim
2001,Sep,California,5.4%,17185600,16253300,932400,Not Adj,Not Prelim
2001,Sep,Los Angeles County,5.9%,4762500,4480400,282100,Not Adj,Not Prelim
2001,Sep,Los Angeles City,6.6%,1854200,1732200,122000,Not Adj,Not Prelim
2001,Oct,California,5.9%,17263800,16245100,1018700,Not Adj,Not Prelim
2001,Oct,Los Angeles County,6.3%,4788600,4487600,301000,Not Adj,Not Prelim
2001,Oct,Los Angeles City,7%,1865100,1735000,130100,Not Adj,Not Prelim
2001,Nov,California,6.2%,17228400,16162200,1066100,Not Adj,Not Prelim
2001,Nov,Los Angeles County,6.3%,4800300,4495800,304500,Not Adj,Not Prelim
2001,Nov,Los Angeles City,7%,1869800,1738200,131700,Not Adj,Not Prelim
2001,Dec,California,6.2%,17254800,16186900,1067900,Not Adj,Not Prelim
2001,Dec,Los Angeles County,6.3%,4802900,4499500,303500,Not Adj,Not Prelim
2001,Dec,Los Angeles City,7%,1870800,1739600,131200,Not Adj,Not Prelim
2000,Jan,California,5.4%,16658900,15762200,896800,Not Adj,Not Prelim
2000,Jan,Los Angeles County,5.8%,4645800,4374100,271700,Not Adj,Not Prelim
2000,Jan,Los Angeles City,6.5%,1808600,1691100,117500,Not Adj,Not Prelim
2000,Feb,California,5.4%,16769600,15871200,898400,Not Adj,Not Prelim
2000,Feb,Los Angeles County,5.7%,4669300,4401400,268000,Not Adj,Not Prelim
2000,Feb,Los Angeles City,6.4%,1817500,1701700,115900,Not Adj,Not Prelim
2000,Mar,California,5.3%,16782500,15885200,897300,Not Adj,Not Prelim
2000,Mar,Los Angeles County,5.5%,4651500,4395500,255900,Not Adj,Not Prelim
2000,Mar,Los Angeles City,6.1%,1810000,1699400,110700,Not Adj,Not Prelim
2000,Apr,California,4.7%,16772700,15976600,796100,Not Adj,Not Prelim
2000,Apr,Los Angeles County,5.2%,4647700,4408200,239500,Not Adj,Not Prelim
2000,Apr,Los Angeles City,5.7%,1807800,1704300,103600,Not Adj,Not Prelim
2000,May,California,4.8%,16751400,15941700,809700,Not Adj,Not Prelim
2000,May,Los Angeles County,5.4%,4636300,4384300,252000,Not Adj,Not Prelim
2000,May,Los Angeles City,6%,1804000,1695000,109000,Not Adj,Not Prelim
2000,Jun,California,5.1%,16878800,16023500,855300,Not Adj,Not Prelim
2000,Jun,Los Angeles County,5.4%,4664000,4410300,253700,Not Adj,Not Prelim
2000,Jun,Los Angeles City,6%,1814800,1705100,109700,Not Adj,Not Prelim
2000,Jul,California,5.3%,16932900,16027100,905700,Not Adj,Not Prelim
2000,Jul,Los Angeles County,6%,4680600,4399400,281200,Not Adj,Not Prelim
2000,Jul,Los Angeles City,6.7%,1822500,1700900,121600,Not Adj,Not Prelim
2000,Aug,California,5.1%,16975200,16112200,863100,Not Adj,Not Prelim
2000,Aug,Los Angeles County,5.9%,4692200,4416100,276200,Not Adj,Not Prelim
2000,Aug,Los Angeles City,6.5%,1826700,1707300,119400,Not Adj,Not Prelim
2000,Sep,California,4.6%,16866800,16092900,774000,Not Adj,Not Prelim
2000,Sep,Los Angeles County,5.3%,4693200,4442800,250400,Not Adj,Not Prelim
2000,Sep,Los Angeles City,5.9%,1825900,1717700,108200,Not Adj,Not Prelim
2000,Oct,California,4.5%,16951200,16180900,770300,Not Adj,Not Prelim
2000,Oct,Los Angeles County,5.1%,4703500,4464100,239400,Not Adj,Not Prelim
2000,Oct,Los Angeles City,5.7%,1829400,1725900,103500,Not Adj,Not Prelim
2000,Nov,California,4.6%,16938400,16155700,782600,Not Adj,Not Prelim
2000,Nov,Los Angeles County,4.8%,4709600,4483800,225800,Not Adj,Not Prelim
2000,Nov,Los Angeles City,5.3%,1831100,1733500,97600,Not Adj,Not Prelim
2000,Dec,California,4.4%,17012500,16262900,749600,Not Adj,Not Prelim
2000,Dec,Los Angeles County,4.6%,4734200,4518800,215500,Not Adj,Not Prelim
2000,Dec,Los Angeles City,5.1%,1840200,1747000,93200,Not Adj,Not Prelim
1999,Jan,California,6.1%,16290500,15288800,1001700,Not Adj,Not Prelim
1999,Jan,Los Angeles County,6.5%,4538700,4241700,297000,Not Adj,Not Prelim
1999,Feb,California,6%,16327100,15350700,976400,Not Adj,Not Prelim
1999,Feb,Los Angeles County,6.3%,4553500,4266700,286800,Not Adj,Not Prelim
1999,Mar,California,5.7%,16337700,15400500,937200,Not Adj,Not Prelim
1999,Mar,Los Angeles County,5.9%,4553400,4283100,270300,Not Adj,Not Prelim
1999,Apr,California,5.3%,16274300,15417200,857100,Not Adj,Not Prelim
1999,Apr,Los Angeles County,5.6%,4509400,4257400,252000,Not Adj,Not Prelim
1999,May,California,4.7%,16282600,15510200,772400,Not Adj,Not Prelim
1999,May,Los Angeles County,5.1%,4510100,4278500,231500,Not Adj,Not Prelim
1999,Jun,California,5.3%,16431200,15563700,867500,Not Adj,Not Prelim
1999,Jun,Los Angeles County,5.9%,4535200,4269300,265900,Not Adj,Not Prelim
1999,Jul,California,5.6%,16534300,15605900,928500,Not Adj,Not Prelim
1999,Jul,Los Angeles County,6.5%,4606600,4307700,298900,Not Adj,Not Prelim
1999,Aug,California,5.1%,16501200,15666200,835000,Not Adj,Not Prelim
1999,Aug,Los Angeles County,6.2%,4599000,4316000,283100,Not Adj,Not Prelim
1999,Sep,California,4.9%,16466800,15655600,811200,Not Adj,Not Prelim
1999,Sep,Los Angeles County,6.1%,4626300,4342200,284100,Not Adj,Not Prelim
1999,Oct,California,4.8%,16554500,15753400,801100,Not Adj,Not Prelim
1999,Oct,Los Angeles County,5.9%,4634500,4362100,272400,Not Adj,Not Prelim
1999,Nov,California,4.8%,16549700,15755700,794000,Not Adj,Not Prelim
1999,Nov,Los Angeles County,5.5%,4633800,4378700,255100,Not Adj,Not Prelim
1999,Dec,California,4.7%,16617000,15834900,782100,Not Adj,Not Prelim
1999,Dec,Los Angeles County,5.3%,4654900,4409200,245700,Not Adj,Not Prelim
1998,Jan,California,6.6%,15957700,14912100,1045700,Not Adj,Not Prelim
1998,Jan,Los Angeles County,6.5%,4481200,4188100,293100,Not Adj,Not Prelim
1998,Feb,California,6.3%,16014000,15006300,1007700,Not Adj,Not Prelim
1998,Feb,Los Angeles County,6.3%,4514900,4230800,284100,Not Adj,Not Prelim
1998,Mar,California,6.5%,16099600,15058000,1041600,Not Adj,Not Prelim
1998,Mar,Los Angeles County,6.7%,4549100,4246400,302700,Not Adj,Not Prelim
1998,Apr,California,5.6%,15999500,15100900,898600,Not Adj,Not Prelim
1998,Apr,Los Angeles County,6.1%,4499100,4226700,272400,Not Adj,Not Prelim
1998,May,California,5.5%,16055000,15168800,886200,Not Adj,Not Prelim
1998,May,Los Angeles County,6.2%,4502500,4222700,279800,Not Adj,Not Prelim
1998,Jun,California,6%,16158100,15191400,966700,Not Adj,Not Prelim
1998,Jun,Los Angeles County,6.7%,4505700,4202800,302900,Not Adj,Not Prelim
1998,Jul,California,6.3%,16291000,15261800,1029200,Not Adj,Not Prelim
1998,Jul,Los Angeles County,7.3%,4576100,4243500,332600,Not Adj,Not Prelim
1998,Aug,California,6%,16273500,15299900,973500,Not Adj,Not Prelim
1998,Aug,Los Angeles County,7.1%,4564800,4242800,322100,Not Adj,Not Prelim
1998,Sep,California,5.9%,16271900,15313000,958900,Not Adj,Not Prelim
1998,Sep,Los Angeles County,7.1%,4598700,4274000,324700,Not Adj,Not Prelim
1998,Oct,California,5.8%,16307100,15361200,946000,Not Adj,Not Prelim
1998,Oct,Los Angeles County,6.9%,4593400,4277900,315500,Not Adj,Not Prelim
1998,Nov,California,5.6%,16276300,15360800,915500,Not Adj,Not Prelim
1998,Nov,Los Angeles County,6.3%,4593600,4303600,290000,Not Adj,Not Prelim
1998,Dec,California,5.5%,16299100,15410200,889000,Not Adj,Not Prelim
1998,Dec,Los Angeles County,6%,4569600,4294600,275000,Not Adj,Not Prelim
1997,Jan,California,7.6%,15561800,14386400,1175400,Not Adj,Not Prelim
1997,Jan,Los Angeles County,8%,4350000,4001000,349100,Not Adj,Not Prelim
1997,Feb,California,7.2%,15599600,14476900,1122800,Not Adj,Not Prelim
1997,Feb,Los Angeles County,7.6%,4366700,4034200,332600,Not Adj,Not Prelim
1997,Mar,California,7.1%,15701300,14593800,1107500,Not Adj,Not Prelim
1997,Mar,Los Angeles County,7.4%,4390300,4065700,324600,Not Adj,Not Prelim
1997,Apr,California,6.3%,15629700,14639100,990600,Not Adj,Not Prelim
1997,Apr,Los Angeles County,6.9%,4369100,4069700,299400,Not Adj,Not Prelim
1997,May,California,6%,15661800,14725800,936100,Not Adj,Not Prelim
1997,May,Los Angeles County,6.6%,4371100,4082600,288500,Not Adj,Not Prelim
1997,Jun,California,6.4%,15767900,14758900,1009000,Not Adj,Not Prelim
1997,Jun,Los Angeles County,7%,4376000,4069300,306700,Not Adj,Not Prelim
1997,Jul,California,6.7%,15926900,14867300,1059500,Not Adj,Not Prelim
1997,Jul,Los Angeles County,7.4%,4458000,4127800,330100,Not Adj,Not Prelim
1997,Aug,California,6.2%,15941600,14946600,995000,Not Adj,Not Prelim
1997,Aug,Los Angeles County,7%,4468400,4154600,313700,Not Adj,Not Prelim
1997,Sep,California,6.1%,15878600,14909500,969100,Not Adj,Not Prelim
1997,Sep,Los Angeles County,6.8%,4467300,4164100,303100,Not Adj,Not Prelim
1997,Oct,California,5.9%,15930000,14991700,938300,Not Adj,Not Prelim
1997,Oct,Los Angeles County,6.3%,4468300,4186300,281900,Not Adj,Not Prelim
1997,Nov,California,5.7%,15936700,15020500,916200,Not Adj,Not Prelim
1997,Nov,Los Angeles County,6%,4475100,4207300,267800,Not Adj,Not Prelim
1997,Dec,California,5.8%,15974500,15053100,921400,Not Adj,Not Prelim
1997,Dec,Los Angeles County,6%,4510900,4241400,269600,Not Adj,Not Prelim
1996,Jan,California,8.5%,15227700,13928200,1299500,Not Adj,Not Prelim
1996,Jan,Los Angeles County,9.1%,4274400,3885100,389300,Not Adj,Not Prelim
1996,Feb,California,8.199999999999999%,15309400,14059500,1250000,Not Adj,Not Prelim
1996,Feb,Los Angeles County,8.800000000000001%,4302500,3924000,378500,Not Adj,Not Prelim
1996,Mar,California,8%,15339600,14109300,1230300,Not Adj,Not Prelim
1996,Mar,Los Angeles County,8.699999999999999%,4306500,3930700,375800,Not Adj,Not Prelim
1996,Apr,California,7.5%,15259700,14117900,1141800,Not Adj,Not Prelim
1996,Apr,Los Angeles County,8.4%,4271100,3912100,359000,Not Adj,Not Prelim
1996,May,California,7.2%,15313700,14216900,1096800,Not Adj,Not Prelim
1996,May,Los Angeles County,8.4%,4284000,3925600,358300,Not Adj,Not Prelim
1996,Jun,California,7.1%,15395500,14296600,1098800,Not Adj,Not Prelim
1996,Jun,Los Angeles County,8.199999999999999%,4274000,3921500,352400,Not Adj,Not Prelim
1996,Jul,California,7.8%,15593500,14384600,1208900,Not Adj,Not Prelim
1996,Jul,Los Angeles County,9.1%,4361100,3964300,396800,Not Adj,Not Prelim
1996,Aug,California,6.9%,15528700,14459000,1069700,Not Adj,Not Prelim
1996,Aug,Los Angeles County,8.1%,4341600,3989600,352000,Not Adj,Not Prelim
1996,Sep,California,6.7%,15503400,14462200,1041200,Not Adj,Not Prelim
1996,Sep,Los Angeles County,7.8%,4363900,4025000,338900,Not Adj,Not Prelim
1996,Oct,California,6.7%,15609500,14563300,1046200,Not Adj,Not Prelim
1996,Oct,Los Angeles County,7.7%,4376500,4041000,335600,Not Adj,Not Prelim
1996,Nov,California,6.9%,15595700,14513900,1081800,Not Adj,Not Prelim
1996,Nov,Los Angeles County,7.6%,4376700,4043000,333600,Not Adj,Not Prelim
1996,Dec,California,6.6%,15554500,14530800,1023700,Not Adj,Not Prelim
1996,Dec,Los Angeles County,7.1%,4364000,4052100,311900,Not Adj,Not Prelim
1995,Jan,California,8.5%,15169800,13878100,1291700,Not Adj,Not Prelim
1995,Jan,Los Angeles County,8.5%,4260200,3899500,360600,Not Adj,Not Prelim
1995,Feb,California,8.1%,15196900,13970700,1226200,Not Adj,Not Prelim
1995,Feb,Los Angeles County,7.9%,4284000,3946300,337700,Not Adj,Not Prelim
1995,Mar,California,8%,15186900,13978700,1208200,Not Adj,Not Prelim
1995,Mar,Los Angeles County,7.6%,4256900,3932800,324200,Not Adj,Not Prelim
1995,Apr,California,7.9%,15187700,13989800,1197900,Not Adj,Not Prelim
1995,Apr,Los Angeles County,7.6%,4250800,3929300,321600,Not Adj,Not Prelim
1995,May,California,7.7%,15149000,13989700,1159400,Not Adj,Not Prelim
1995,May,Los Angeles County,7.5%,4239300,3923400,315900,Not Adj,Not Prelim
1995,Jun,California,7.9%,15244500,14044200,1200300,Not Adj,Not Prelim
1995,Jun,Los Angeles County,7.9%,4249200,3914400,334800,Not Adj,Not Prelim
1995,Jul,California,8.4%,15437200,14137800,1299400,Not Adj,Not Prelim
1995,Jul,Los Angeles County,8.800000000000001%,4312200,3933300,378800,Not Adj,Not Prelim
1995,Aug,California,7.8%,15379300,14172200,1207200,Not Adj,Not Prelim
1995,Aug,Los Angeles County,8.5%,4293900,3929900,363900,Not Adj,Not Prelim
1995,Sep,California,7.6%,15302900,14135300,1167600,Not Adj,Not Prelim
1995,Sep,Los Angeles County,8.300000000000001%,4304800,3949600,355200,Not Adj,Not Prelim
1995,Oct,California,7.5%,15363200,14207400,1155800,Not Adj,Not Prelim
1995,Oct,Los Angeles County,8%,4325500,3978500,347000,Not Adj,Not Prelim
1995,Nov,California,7.8%,15317800,14130600,1187200,Not Adj,Not Prelim
1995,Nov,Los Angeles County,8.199999999999999%,4313800,3960500,353300,Not Adj,Not Prelim
1995,Dec,California,7.3%,15227800,14114000,1113900,Not Adj,Not Prelim
1995,Dec,Los Angeles County,7.8%,4299200,3965700,333500,Not Adj,Not Prelim
1994,Jan,California,10%,15257500,13728600,1528900,Not Adj,Not Prelim
1994,Jan,Los Angeles County,10.4%,4286300,3840400,445900,Not Adj,Not Prelim
1994,Feb,California,9.800000000000001%,15300800,13804600,1496200,Not Adj,Not Prelim
1994,Feb,Los Angeles County,10.1%,4306300,3870400,435900,Not Adj,Not Prelim
1994,Mar,California,9.4%,15241100,13802400,1438700,Not Adj,Not Prelim
1994,Mar,Los Angeles County,9.800000000000001%,4284100,3862600,421400,Not Adj,Not Prelim
1994,Apr,California,8.9%,15180200,13836200,1344000,Not Adj,Not Prelim
1994,Apr,Los Angeles County,9.6%,4265800,3857900,407900,Not Adj,Not Prelim
1994,May,California,8.300000000000001%,15224700,13959100,1265700,Not Adj,Not Prelim
1994,May,Los Angeles County,9.300000000000001%,4278000,3881800,396200,Not Adj,Not Prelim
1994,Jun,California,8.699999999999999%,15267700,13946300,1321400,Not Adj,Not Prelim
1994,Jun,Los Angeles County,9.6%,4278900,3867600,411300,Not Adj,Not Prelim
1994,Jul,California,9.1%,15389300,13995900,1393500,Not Adj,Not Prelim
1994,Jul,Los Angeles County,10.1%,4327700,3889200,438500,Not Adj,Not Prelim
1994,Aug,California,8.5%,15382700,14073400,1309400,Not Adj,Not Prelim
1994,Aug,Los Angeles County,9.6%,4316000,3899800,416200,Not Adj,Not Prelim
1994,Sep,California,8.1%,15255500,14023300,1232300,Not Adj,Not Prelim
1994,Sep,Los Angeles County,8.9%,4306700,3923500,383200,Not Adj,Not Prelim
1994,Oct,California,7.8%,15317300,14116600,1200700,Not Adj,Not Prelim
1994,Oct,Los Angeles County,8.4%,4328100,3963900,364200,Not Adj,Not Prelim
1994,Nov,California,7.7%,15254900,14084900,1170000,Not Adj,Not Prelim
1994,Nov,Los Angeles County,7.9%,4307200,3965400,341800,Not Adj,Not Prelim
1994,Dec,California,7.3%,15180600,14075100,1105600,Not Adj,Not Prelim
1994,Dec,Los Angeles County,7.5%,4283000,3961300,321700,Not Adj,Not Prelim
1993,Jan,California,10.4%,15217200,13634300,1582900,Not Adj,Not Prelim
1993,Jan,Los Angeles County,10.7%,4367200,3898000,469200,Not Adj,Not Prelim
1993,Feb,California,10.4%,15268800,13679000,1589800,Not Adj,Not Prelim
1993,Feb,Los Angeles County,10.8%,4400300,3926000,474400,Not Adj,Not Prelim
1993,Mar,California,10%,15219400,13696900,1522500,Not Adj,Not Prelim
1993,Mar,Los Angeles County,10.3%,4381900,3928700,453200,Not Adj,Not Prelim
1993,Apr,California,9.4%,15121600,13698100,1423400,Not Adj,Not Prelim
1993,Apr,Los Angeles County,9.9%,4337600,3909600,428000,Not Adj,Not Prelim
1993,May,California,9.300000000000001%,15211700,13803000,1408600,Not Adj,Not Prelim
1993,May,Los Angeles County,9.699999999999999%,4337800,3915500,422300,Not Adj,Not Prelim
1993,Jun,California,9.6%,15331500,13853700,1477800,Not Adj,Not Prelim
1993,Jun,Los Angeles County,10%,4340900,3906000,434900,Not Adj,Not Prelim
1993,Jul,California,10%,15468100,13926000,1542100,Not Adj,Not Prelim
1993,Jul,Los Angeles County,10.4%,4391600,3932800,458800,Not Adj,Not Prelim
1993,Aug,California,9.300000000000001%,15399000,13971600,1427400,Not Adj,Not Prelim
1993,Aug,Los Angeles County,9.800000000000001%,4358700,3929600,429100,Not Adj,Not Prelim
1993,Sep,California,9.199999999999999%,15229400,13833300,1396200,Not Adj,Not Prelim
1993,Sep,Los Angeles County,9.800000000000001%,4323700,3900300,423400,Not Adj,Not Prelim
1993,Oct,California,9.199999999999999%,15282100,13869100,1413000,Not Adj,Not Prelim
1993,Oct,Los Angeles County,9.800000000000001%,4304000,3881400,422600,Not Adj,Not Prelim
1993,Nov,California,9%,15228100,13856900,1371200,Not Adj,Not Prelim
1993,Nov,Los Angeles County,9.4%,4283100,3879600,403600,Not Adj,Not Prelim
1993,Dec,California,8.699999999999999%,15197600,13877700,1319900,Not Adj,Not Prelim
1993,Dec,Los Angeles County,9.1%,4282800,3895000,387800,Not Adj,Not Prelim
1992,Jan,California,9.199999999999999%,15143700,13755000,1388800,Not Adj,Not Prelim
1992,Jan,Los Angeles County,9.4%,4449200,4031900,417300,Not Adj,Not Prelim
1992,Feb,California,9.5%,15205800,13756300,1449500,Not Adj,Not Prelim
1992,Feb,Los Angeles County,9.6%,4460500,4031500,429000,Not Adj,Not Prelim
1992,Mar,California,9.199999999999999%,15215800,13811300,1404600,Not Adj,Not Prelim
1992,Mar,Los Angeles County,9.300000000000001%,4432200,4020300,411900,Not Adj,Not Prelim
1992,Apr,California,8.6%,15161500,13852200,1309300,Not Adj,Not Prelim
1992,Apr,Los Angeles County,8.699999999999999%,4411600,4026500,385000,Not Adj,Not Prelim
1992,May,California,8.9%,15230700,13878700,1352100,Not Adj,Not Prelim
1992,May,Los Angeles County,9.5%,4420900,4000500,420400,Not Adj,Not Prelim
1992,Jun,California,9.6%,15421000,13946400,1474600,Not Adj,Not Prelim
1992,Jun,Los Angeles County,10.199999999999999%,4452500,3997100,455300,Not Adj,Not Prelim
1992,Jul,California,9.800000000000001%,15552100,14020800,1531200,Not Adj,Not Prelim
1992,Jul,Los Angeles County,10.9%,4500300,4011800,488500,Not Adj,Not Prelim
1992,Aug,California,9.5%,15493400,14026300,1467100,Not Adj,Not Prelim
1992,Aug,Los Angeles County,10.5%,4481900,4011200,470700,Not Adj,Not Prelim
1992,Sep,California,9.5%,15360200,13898600,1461600,Not Adj,Not Prelim
1992,Sep,Los Angeles County,10.5%,4461000,3994800,466200,Not Adj,Not Prelim
1992,Oct,California,9.300000000000001%,15314400,13883800,1430600,Not Adj,Not Prelim
1992,Oct,Los Angeles County,9.9%,4437700,3996300,441400,Not Adj,Not Prelim
1992,Nov,California,9.800000000000001%,15331300,13835000,1496300,Not Adj,Not Prelim
1992,Nov,Los Angeles County,10.1%,4433600,3985500,448100,Not Adj,Not Prelim
1992,Dec,California,9.6%,15288200,13826700,1461500,Not Adj,Not Prelim
1992,Dec,Los Angeles County,9.9%,4409000,3972400,436600,Not Adj,Not Prelim
1991,Jan,California,7.6%,14958800,13821000,1137800,Not Adj,Not Prelim
1991,Jan,Los Angeles County,7%,4389300,4082900,306300,Not Adj,Not Prelim
1991,Feb,California,8%,15035600,13833500,1202000,Not Adj,Not Prelim
1991,Feb,Los Angeles County,7.4%,4439400,4110000,329400,Not Adj,Not Prelim
1991,Mar,California,8%,15038200,13837600,1200700,Not Adj,Not Prelim
1991,Mar,Los Angeles County,7.4%,4440500,4112500,328000,Not Adj,Not Prelim
1991,Apr,California,7.4%,15031200,13916200,1115100,Not Adj,Not Prelim
1991,Apr,Los Angeles County,7.2%,4417100,4098100,319000,Not Adj,Not Prelim
1991,May,California,7.6%,15020200,13874800,1145400,Not Adj,Not Prelim
1991,May,Los Angeles County,8%,4418200,4066900,351300,Not Adj,Not Prelim
1991,Jun,California,7.8%,15163700,13980800,1182900,Not Adj,Not Prelim
1991,Jun,Los Angeles County,8.300000000000001%,4457200,4089100,368100,Not Adj,Not Prelim
1991,Jul,California,8.1%,15269300,14030100,1239100,Not Adj,Not Prelim
1991,Jul,Los Angeles County,8.800000000000001%,4513400,4116600,396800,Not Adj,Not Prelim
1991,Aug,California,7.6%,15192500,14038500,1154100,Not Adj,Not Prelim
1991,Aug,Los Angeles County,8.5%,4480400,4099600,380800,Not Adj,Not Prelim
1991,Sep,California,7.6%,15154900,13999400,1155500,Not Adj,Not Prelim
1991,Sep,Los Angeles County,8.6%,4496300,4108700,387500,Not Adj,Not Prelim
1991,Oct,California,7.6%,15165000,14006800,1158300,Not Adj,Not Prelim
1991,Oct,Los Angeles County,8.4%,4500600,4124800,375900,Not Adj,Not Prelim
1991,Nov,California,7.9%,15132000,13942800,1189200,Not Adj,Not Prelim
1991,Nov,Los Angeles County,8.300000000000001%,4483100,4110500,372600,Not Adj,Not Prelim
1991,Dec,California,8%,15103100,13898700,1204300,Not Adj,Not Prelim
1991,Dec,Los Angeles County,8.4%,4465100,4091900,373200,Not Adj,Not Prelim
1990,Jan,California,5.6%,15092800,14244400,848500,Not Adj,Not Prelim
1990,Jan,Los Angeles County,5.9%,4564100,4296100,268000,Not Adj,Not Prelim
1990,Feb,California,5.6%,15129600,14284200,845300,Not Adj,Not Prelim
1990,Feb,Los Angeles County,5.7%,4570200,4310700,259500,Not Adj,Not Prelim
1990,Mar,California,5.4%,15163000,14345000,818000,Not Adj,Not Prelim
1990,Mar,Los Angeles County,5.5%,4570900,4321600,249300,Not Adj,Not Prelim
1990,Apr,California,5.3%,15143000,14335400,807600,Not Adj,Not Prelim
1990,Apr,Los Angeles County,5.4%,4541400,4294600,246900,Not Adj,Not Prelim
1990,May,California,5.2%,15235000,14435400,799600,Not Adj,Not Prelim
1990,May,Los Angeles County,5.4%,4558800,4313300,245500,Not Adj,Not Prelim
1990,Jun,California,5.2%,15302500,14500800,801700,Not Adj,Not Prelim
1990,Jun,Los Angeles County,5.2%,4543500,4308600,234900,Not Adj,Not Prelim
1990,Jul,California,6%,15445200,14525500,919700,Not Adj,Not Prelim
1990,Jul,Los Angeles County,6%,4586400,4309100,277400,Not Adj,Not Prelim
1990,Aug,California,5.7%,15391900,14520700,871200,Not Adj,Not Prelim
1990,Aug,Los Angeles County,6.1%,4573400,4295900,277500,Not Adj,Not Prelim
1990,Sep,California,6%,15016600,14121800,894800,Not Adj,Not Prelim
1990,Sep,Los Angeles County,6.2%,4457100,4178900,278200,Not Adj,Not Prelim
1990,Oct,California,6%,15057100,14155600,901500,Not Adj,Not Prelim
1990,Oct,Los Angeles County,6.1%,4448800,4177800,271000,Not Adj,Not Prelim
1990,Nov,California,6.6%,15032300,14041900,990400,Not Adj,Not Prelim
1990,Nov,Los Angeles County,6.3%,4434500,4155900,278500,Not Adj,Not Prelim
1990,Dec,California,6.6%,15013500,14018800,994700,Not Adj,Not Prelim
1990,Dec,Los Angeles County,6.3%,4435400,4154000,281400,Not Adj,Not Prelim
1989,Jan,California,5.7%,14320900,13509400,811500,Not Adj,Not Prelim
1989,Jan,Los Angeles County,5.4%,4354400,4120000,234400,Not Adj,Not Prelim
1989,Feb,California,5.4%,14332400,13551800,780600,Not Adj,Not Prelim
1989,Feb,Los Angeles County,5.1%,4374600,4151100,223500,Not Adj,Not Prelim
1989,Mar,California,5.1%,14340200,13612300,728000,Not Adj,Not Prelim
1989,Mar,Los Angeles County,4.8%,4371500,4160100,211400,Not Adj,Not Prelim
1989,Apr,California,5%,14355300,13631800,723400,Not Adj,Not Prelim
1989,Apr,Los Angeles County,5.2%,4366000,4139100,227000,Not Adj,Not Prelim
1989,May,California,4.9%,14404600,13704000,700500,Not Adj,Not Prelim
1989,May,Los Angeles County,5.3%,4378200,4144500,233600,Not Adj,Not Prelim
1989,Jun,California,5.2%,14569100,13808700,760400,Not Adj,Not Prelim
1989,Jun,Los Angeles County,5.8%,4406300,4152800,253600,Not Adj,Not Prelim
1989,Jul,California,5.6%,14729700,13905900,823800,Not Adj,Not Prelim
1989,Jul,Los Angeles County,6.5%,4486600,4194500,292000,Not Adj,Not Prelim
1989,Aug,California,4.9%,14686000,13965500,720600,Not Adj,Not Prelim
1989,Aug,Los Angeles County,5.9%,4449900,4187900,262100,Not Adj,Not Prelim
1989,Sep,California,5%,14574600,13848600,726100,Not Adj,Not Prelim
1989,Sep,Los Angeles County,5.8%,4439400,4182600,256800,Not Adj,Not Prelim
1989,Oct,California,4.9%,14645300,13932900,712400,Not Adj,Not Prelim
1989,Oct,Los Angeles County,5.4%,4460300,4219500,240800,Not Adj,Not Prelim
1989,Nov,California,5.2%,14668000,13910200,757800,Not Adj,Not Prelim
1989,Nov,Los Angeles County,5.5%,4458500,4215000,243500,Not Adj,Not Prelim
1989,Dec,California,4.9%,14582400,13865700,716700,Not Adj,Not Prelim
1989,Dec,Los Angeles County,5.2%,4426600,4195300,231300,Not Adj,Not Prelim
1988,Jan,California,5.9%,13904900,13088000,816900,Not Adj,Not Prelim
1988,Jan,Los Angeles County,5.6%,4296500,4055600,240900,Not Adj,Not Prelim
1988,Feb,California,5.9%,13953500,13136500,817000,Not Adj,Not Prelim
1988,Feb,Los Angeles County,5.5%,4322200,4086200,236000,Not Adj,Not Prelim
1988,Mar,California,5.5%,13936300,13165100,771200,Not Adj,Not Prelim
1988,Mar,Los Angeles County,4.9%,4304100,4093500,210600,Not Adj,Not Prelim
1988,Apr,California,5.1%,13965500,13258000,707500,Not Adj,Not Prelim
1988,Apr,Los Angeles County,4.5%,4284300,4092800,191400,Not Adj,Not Prelim
1988,May,California,5.3%,14016000,13280000,736000,Not Adj,Not Prelim
1988,May,Los Angeles County,5%,4290000,4075800,214200,Not Adj,Not Prelim
1988,Jun,California,5.2%,14165400,13421900,743500,Not Adj,Not Prelim
1988,Jun,Los Angeles County,5.1%,4301300,4081200,220100,Not Adj,Not Prelim
1988,Jul,California,5.7%,14327600,13510200,817400,Not Adj,Not Prelim
1988,Jul,Los Angeles County,5.9%,4374300,4116400,257900,Not Adj,Not Prelim
1988,Aug,California,5.3%,14335800,13580700,755100,Not Adj,Not Prelim
1988,Aug,Los Angeles County,5.5%,4363400,4122600,240700,Not Adj,Not Prelim
1988,Sep,California,5%,14194900,13489900,705000,Not Adj,Not Prelim
1988,Sep,Los Angeles County,5.1%,4338500,4117900,220600,Not Adj,Not Prelim
1988,Oct,California,4.9%,14269800,13574500,695200,Not Adj,Not Prelim
1988,Oct,Los Angeles County,4.8%,4348300,4137600,210600,Not Adj,Not Prelim
1988,Nov,California,5.1%,14301800,13579200,722600,Not Adj,Not Prelim
1988,Nov,Los Angeles County,4.8%,4371200,4160400,210700,Not Adj,Not Prelim
1988,Dec,California,4.7%,14247600,13575800,671800,Not Adj,Not Prelim
1988,Dec,Los Angeles County,4.5%,4361600,4164200,197400,Not Adj,Not Prelim
1987,Jan,California,7%,13477400,12540300,937000,Not Adj,Not Prelim
1987,Jan,Los Angeles County,6.5%,4139400,3868400,271000,Not Adj,Not Prelim
1987,Feb,California,6.9%,13548100,12617700,930400,Not Adj,Not Prelim
1987,Feb,Los Angeles County,6.6%,4173100,3898900,274200,Not Adj,Not Prelim
1987,Mar,California,6.5%,13569200,12684800,884300,Not Adj,Not Prelim
1987,Mar,Los Angeles County,6.3%,4176800,3914100,262800,Not Adj,Not Prelim
1987,Apr,California,5.9%,13558700,12759300,799400,Not Adj,Not Prelim
1987,Apr,Los Angeles County,6.1%,4162800,3909900,252900,Not Adj,Not Prelim
1987,May,California,5.6%,13672700,12907000,765700,Not Adj,Not Prelim
1987,May,Los Angeles County,6%,4198700,3947300,251400,Not Adj,Not Prelim
1987,Jun,California,5.6%,13726400,12961700,764700,Not Adj,Not Prelim
1987,Jun,Los Angeles County,5.8%,4202000,3959300,242600,Not Adj,Not Prelim
1987,Jul,California,6%,13916800,13086000,830900,Not Adj,Not Prelim
1987,Jul,Los Angeles County,6.4%,4282000,4007800,274200,Not Adj,Not Prelim
1987,Aug,California,5.5%,13940600,13179900,760700,Not Adj,Not Prelim
1987,Aug,Los Angeles County,5.9%,4272100,4020600,251500,Not Adj,Not Prelim
1987,Sep,California,5.4%,13818000,13073100,744900,Not Adj,Not Prelim
1987,Sep,Los Angeles County,5.8%,4270100,4022700,247400,Not Adj,Not Prelim
1987,Oct,California,5.4%,13915200,13161700,753500,Not Adj,Not Prelim
1987,Oct,Los Angeles County,5.6%,4302300,4061000,241300,Not Adj,Not Prelim
1987,Nov,California,5.3%,13908800,13164700,744100,Not Adj,Not Prelim
1987,Nov,Los Angeles County,5.1%,4304500,4085000,219600,Not Adj,Not Prelim
1987,Dec,California,5%,13876700,13184200,692500,Not Adj,Not Prelim
1987,Dec,Los Angeles County,4.8%,4299800,4094900,204900,Not Adj,Not Prelim
1986,Jan,California,7.1%,13018900,12100600,918300,Not Adj,Not Prelim
1986,Jan,Los Angeles County,6.6%,4014100,3748700,265500,Not Adj,Not Prelim
1986,Feb,California,7.6%,13110300,12120200,990100,Not Adj,Not Prelim
1986,Feb,Los Angeles County,6.9%,4042400,3763500,279000,Not Adj,Not Prelim
1986,Mar,California,7.2%,13150700,12202700,948000,Not Adj,Not Prelim
1986,Mar,Los Angeles County,6.4%,4049500,3791200,258300,Not Adj,Not Prelim
1986,Apr,California,6.8%,13129800,12236000,893800,Not Adj,Not Prelim
1986,Apr,Los Angeles County,6.3%,4039400,3785000,254400,Not Adj,Not Prelim
1986,May,California,6.5%,13192500,12331300,861200,Not Adj,Not Prelim
1986,May,Los Angeles County,6.4%,4061200,3801900,259300,Not Adj,Not Prelim
1986,Jun,California,6.8%,13383600,12474400,909200,Not Adj,Not Prelim
1986,Jun,Los Angeles County,6.8%,4108200,3826900,281200,Not Adj,Not Prelim
1986,Jul,California,7.2%,13540500,12569700,970900,Not Adj,Not Prelim
1986,Jul,Los Angeles County,7.6%,4172800,3857600,315100,Not Adj,Not Prelim
1986,Aug,California,6.5%,13536000,12653500,882500,Not Adj,Not Prelim
1986,Aug,Los Angeles County,7.2%,4161800,3863800,298100,Not Adj,Not Prelim
1986,Sep,California,6.4%,13447100,12580300,866900,Not Adj,Not Prelim
1986,Sep,Los Angeles County,7%,4166000,3872500,293500,Not Adj,Not Prelim
1986,Oct,California,6.4%,13515700,12654000,861700,Not Adj,Not Prelim
1986,Oct,Los Angeles County,6.5%,4172500,3900300,272200,Not Adj,Not Prelim
1986,Nov,California,6.5%,13519300,12639200,880000,Not Adj,Not Prelim
1986,Nov,Los Angeles County,6.4%,4180200,3912800,267300,Not Adj,Not Prelim
1986,Dec,California,6.1%,13469900,12648700,821200,Not Adj,Not Prelim
1986,Dec,Los Angeles County,5.9%,4160000,3912900,247100,Not Adj,Not Prelim
1985,Jan,California,8.1%,12797100,11764600,1032500,Not Adj,Not Prelim
1985,Jan,Los Angeles County,7.8%,3957900,3650600,307300,Not Adj,Not Prelim
1985,Feb,California,7.8%,12820800,11823400,997400,Not Adj,Not Prelim
1985,Feb,Los Angeles County,7.4%,3964600,3670500,294200,Not Adj,Not Prelim
1985,Mar,California,7.5%,12878500,11908000,970600,Not Adj,Not Prelim
1985,Mar,Los Angeles County,7.1%,3971900,3689000,282800,Not Adj,Not Prelim
1985,Apr,California,7.2%,12845500,11915700,929700,Not Adj,Not Prelim
1985,Apr,Los Angeles County,7.1%,3953700,3671800,281900,Not Adj,Not Prelim
1985,May,California,6.9%,12861100,11980100,881000,Not Adj,Not Prelim
1985,May,Los Angeles County,7%,3940300,3665000,275300,Not Adj,Not Prelim
1985,Jun,California,7.3%,12956200,12008100,948100,Not Adj,Not Prelim
1985,Jun,Los Angeles County,7.3%,3953400,3664000,289400,Not Adj,Not Prelim
1985,Jul,California,7.7%,13113200,12106200,1007100,Not Adj,Not Prelim
1985,Jul,Los Angeles County,7.8%,4019600,3705700,313900,Not Adj,Not Prelim
1985,Aug,California,7%,13092100,12171600,920400,Not Adj,Not Prelim
1985,Aug,Los Angeles County,7.2%,4004300,3717900,286400,Not Adj,Not Prelim
1985,Sep,California,6.9%,13039500,12136200,903300,Not Adj,Not Prelim
1985,Sep,Los Angeles County,6.9%,4023000,3744600,278300,Not Adj,Not Prelim
1985,Oct,California,6.9%,13100600,12198200,902400,Not Adj,Not Prelim
1985,Oct,Los Angeles County,6.8%,4048700,3774300,274400,Not Adj,Not Prelim
1985,Nov,California,6.7%,13042000,12170100,871900,Not Adj,Not Prelim
1985,Nov,Los Angeles County,6.2%,4015600,3765200,250500,Not Adj,Not Prelim
1985,Dec,California,6.5%,13026200,12183800,842400,Not Adj,Not Prelim
1985,Dec,Los Angeles County,5.9%,4020200,3781800,238400,Not Adj,Not Prelim
1984,Jan,California,9%,12323200,11213200,1110100,Not Adj,Not Prelim
1984,Jan,Los Angeles County,8.5%,3809100,3486200,322800,Not Adj,Not Prelim
1984,Feb,California,8.800000000000001%,12370700,11286300,1084400,Not Adj,Not Prelim
1984,Feb,Los Angeles County,8.1%,3821300,3513000,308300,Not Adj,Not Prelim
1984,Mar,California,8.4%,12400900,11354500,1046500,Not Adj,Not Prelim
1984,Mar,Los Angeles County,7.9%,3826000,3523200,302800,Not Adj,Not Prelim
1984,Apr,California,8%,12430300,11438000,992400,Not Adj,Not Prelim
1984,Apr,Los Angeles County,7.7%,3821300,3526400,295000,Not Adj,Not Prelim
1984,May,California,7.4%,12527700,11604500,923200,Not Adj,Not Prelim
1984,May,Los Angeles County,7.5%,3838500,3552000,286500,Not Adj,Not Prelim
1984,Jun,California,7.5%,12692300,11744300,948000,Not Adj,Not Prelim
1984,Jun,Los Angeles County,7.8%,3859300,3558400,301000,Not Adj,Not Prelim
1984,Jul,California,8.1%,12848600,11810400,1038300,Not Adj,Not Prelim
1984,Jul,Los Angeles County,8.699999999999999%,3939700,3596300,343400,Not Adj,Not Prelim
1984,Aug,California,7.6%,12826300,11855900,970500,Not Adj,Not Prelim
1984,Aug,Los Angeles County,8.300000000000001%,3937100,3609100,328000,Not Adj,Not Prelim
1984,Sep,California,7.4%,12744900,11803900,940900,Not Adj,Not Prelim
1984,Sep,Los Angeles County,8%,3945500,3628800,316700,Not Adj,Not Prelim
1984,Oct,California,7.2%,12791200,11868300,922800,Not Adj,Not Prelim
1984,Oct,Los Angeles County,7.7%,3958700,3653600,305100,Not Adj,Not Prelim
1984,Nov,California,7.1%,12773700,11860500,913200,Not Adj,Not Prelim
1984,Nov,Los Angeles County,7.3%,3961500,3674300,287200,Not Adj,Not Prelim
1984,Dec,California,7.1%,12788400,11881600,906700,Not Adj,Not Prelim
1984,Dec,Los Angeles County,7.1%,3981200,3699800,281400,Not Adj,Not Prelim
1983,Jan,California,11.7%,12201200,10773400,1427800,Not Adj,Not Prelim
1983,Jan,Los Angeles County,11.1%,3783900,3363400,420500,Not Adj,Not Prelim
1983,Feb,California,11.7%,12184700,10763700,1421000,Not Adj,Not Prelim
1983,Feb,Los Angeles County,11%,3775300,3361500,413800,Not Adj,Not Prelim
1983,Mar,California,11%,12154800,10812200,1342600,Not Adj,Not Prelim
1983,Mar,Los Angeles County,10.4%,3756700,3366800,389900,Not Adj,Not Prelim
1983,Apr,California,10.4%,12120600,10862000,1258700,Not Adj,Not Prelim
1983,Apr,Los Angeles County,10%,3750900,3375300,375600,Not Adj,Not Prelim
1983,May,California,9.800000000000001%,12134100,10940300,1193800,Not Adj,Not Prelim
1983,May,Los Angeles County,9.699999999999999%,3758900,3393700,365200,Not Adj,Not Prelim
1983,Jun,California,10.1%,12332200,11088400,1243800,Not Adj,Not Prelim
1983,Jun,Los Angeles County,10.5%,3821000,3420400,400600,Not Adj,Not Prelim
1983,Jul,California,9.800000000000001%,12458100,11231500,1226600,Not Adj,Not Prelim
1983,Jul,Los Angeles County,10.3%,3852600,3457300,395400,Not Adj,Not Prelim
1983,Aug,California,9.4%,12486000,11317400,1168600,Not Adj,Not Prelim
1983,Aug,Los Angeles County,9.9%,3870800,3488000,382800,Not Adj,Not Prelim
1983,Sep,California,8.800000000000001%,12362200,11275400,1086800,Not Adj,Not Prelim
1983,Sep,Los Angeles County,9.300000000000001%,3859700,3500200,359600,Not Adj,Not Prelim
1983,Oct,California,8.6%,12353400,11290900,1062500,Not Adj,Not Prelim
1983,Oct,Los Angeles County,8.800000000000001%,3847100,3506800,340300,Not Adj,Not Prelim
1983,Nov,California,8.5%,12368400,11318800,1049700,Not Adj,Not Prelim
1983,Nov,Los Angeles County,8.199999999999999%,3847600,3531000,316600,Not Adj,Not Prelim
1983,Dec,California,8.300000000000001%,12353900,11330400,1023500,Not Adj,Not Prelim
1983,Dec,Los Angeles County,7.8%,3842300,3542000,300300,Not Adj,Not Prelim
1982,Jan,California,9.4%,11910700,10786900,1123800,Not Adj,Not Prelim
1982,Jan,Los Angeles County,8.5%,3765200,3445400,319800,Not Adj,Not Prelim
1982,Feb,California,9.699999999999999%,11963000,10806100,1156900,Not Adj,Not Prelim
1982,Feb,Los Angeles County,8.5%,3791300,3467900,323400,Not Adj,Not Prelim
1982,Mar,California,9.6%,11979300,10827700,1151700,Not Adj,Not Prelim
1982,Mar,Los Angeles County,8.4%,3789500,3469900,319600,Not Adj,Not Prelim
1982,Apr,California,9.6%,11990900,10844700,1146200,Not Adj,Not Prelim
1982,Apr,Los Angeles County,8.5%,3784400,3461000,323500,Not Adj,Not Prelim
1982,May,California,9.199999999999999%,12073700,10965400,1108300,Not Adj,Not Prelim
1982,May,Los Angeles County,8.5%,3797100,3472600,324500,Not Adj,Not Prelim
1982,Jun,California,9.800000000000001%,12159100,10966100,1193000,Not Adj,Not Prelim
1982,Jun,Los Angeles County,9.1%,3787800,3443000,344700,Not Adj,Not Prelim
1982,Jul,California,10.6%,12342900,11035200,1307700,Not Adj,Not Prelim
1982,Jul,Los Angeles County,10.1%,3861000,3470700,390200,Not Adj,Not Prelim
1982,Aug,California,10.1%,12350400,11099300,1251200,Not Adj,Not Prelim
1982,Aug,Los Angeles County,9.6%,3845400,3474700,370700,Not Adj,Not Prelim
1982,Sep,California,10.1%,12255800,11023200,1232600,Not Adj,Not Prelim
1982,Sep,Los Angeles County,9.699999999999999%,3840500,3468700,371700,Not Adj,Not Prelim
1982,Oct,California,10.4%,12280100,11003200,1276900,Not Adj,Not Prelim
1982,Oct,Los Angeles County,10.1%,3826200,3439900,386300,Not Adj,Not Prelim
1982,Nov,California,11%,12265700,10922400,1343300,Not Adj,Not Prelim
1982,Nov,Los Angeles County,10.4%,3813200,3417500,395700,Not Adj,Not Prelim
1982,Dec,California,10.9%,12232400,10893200,1339200,Not Adj,Not Prelim
1982,Dec,Los Angeles County,10.199999999999999%,3807900,3417800,390000,Not Adj,Not Prelim
1981,Jan,California,7.9%,11698000,10772000,925900,Not Adj,Not Prelim
1981,Jan,Los Angeles County,7.2%,3753600,3485100,268500,Not Adj,Not Prelim
1981,Feb,California,7.8%,11716300,10797300,919000,Not Adj,Not Prelim
1981,Feb,Los Angeles County,7.1%,3750000,3485300,264700,Not Adj,Not Prelim
1981,Mar,California,7.4%,11747800,10876500,871400,Not Adj,Not Prelim
1981,Mar,Los Angeles County,6.7%,3750300,3497500,252900,Not Adj,Not Prelim
1981,Apr,California,6.9%,11730100,10916000,814100,Not Adj,Not Prelim
1981,Apr,Los Angeles County,6.5%,3740000,3495600,244300,Not Adj,Not Prelim
1981,May,California,6.6%,11752800,10974400,778300,Not Adj,Not Prelim
1981,May,Los Angeles County,6.5%,3728900,3488400,240500,Not Adj,Not Prelim
1981,Jun,California,7.1%,11772700,10941300,831400,Not Adj,Not Prelim
1981,Jun,Los Angeles County,6.7%,3710600,3460200,250400,Not Adj,Not Prelim
1981,Jul,California,7.4%,11942500,11061400,881000,Not Adj,Not Prelim
1981,Jul,Los Angeles County,7.3%,3800100,3524600,275500,Not Adj,Not Prelim
1981,Aug,California,7.1%,11978600,11130000,848600,Not Adj,Not Prelim
1981,Aug,Los Angeles County,7%,3802200,3535400,266800,Not Adj,Not Prelim
1981,Sep,California,7.1%,11814500,10971100,843400,Not Adj,Not Prelim
1981,Sep,Los Angeles County,7.1%,3762900,3494500,268500,Not Adj,Not Prelim
1981,Oct,California,7.5%,11934900,11038700,896300,Not Adj,Not Prelim
1981,Oct,Los Angeles County,7.2%,3788500,3517200,271300,Not Adj,Not Prelim
1981,Nov,California,8.1%,11944300,10982400,962000,Not Adj,Not Prelim
1981,Nov,Los Angeles County,7.2%,3799000,3525500,273500,Not Adj,Not Prelim
1981,Dec,California,8.300000000000001%,11899500,10911500,988100,Not Adj,Not Prelim
1981,Dec,Los Angeles County,7.4%,3787500,3507900,279600,Not Adj,Not Prelim
1980,Jan,California,6.8%,11437600,10663000,774500,Not Adj,Not Prelim
1980,Jan,Los Angeles County,5.8%,3740600,3522700,217900,Not Adj,Not Prelim
1980,Feb,California,6.8%,11450300,10676700,773500,Not Adj,Not Prelim
1980,Feb,Los Angeles County,5.7%,3757000,3541300,215700,Not Adj,Not Prelim
1980,Mar,California,6.5%,11457000,10709400,747700,Not Adj,Not Prelim
1980,Mar,Los Angeles County,5.5%,3755300,3549200,206100,Not Adj,Not Prelim
1980,Apr,California,6.7%,11452300,10679600,772700,Not Adj,Not Prelim
1980,Apr,Los Angeles County,5.9%,3751900,3529700,222200,Not Adj,Not Prelim
1980,May,California,6.6%,11456800,10702500,754300,Not Adj,Not Prelim
1980,May,Los Angeles County,6.1%,3748700,3519800,228900,Not Adj,Not Prelim
1980,Jun,California,7.2%,11580500,10746400,834100,Not Adj,Not Prelim
1980,Jun,Los Angeles County,6.8%,3760000,3505800,254300,Not Adj,Not Prelim
1980,Jul,California,7.6%,11744300,10852500,891800,Not Adj,Not Prelim
1980,Jul,Los Angeles County,7.4%,3825700,3543100,282600,Not Adj,Not Prelim
1980,Aug,California,7.3%,11789300,10929800,859400,Not Adj,Not Prelim
1980,Aug,Los Angeles County,7.4%,3832500,3548700,283800,Not Adj,Not Prelim
1980,Sep,California,6.8%,11642500,10856400,786000,Not Adj,Not Prelim
1980,Sep,Los Angeles County,7.2%,3806600,3531700,274900,Not Adj,Not Prelim
1980,Oct,California,6.8%,11706100,10912000,794100,Not Adj,Not Prelim
1980,Oct,Los Angeles County,7.1%,3819300,3549100,270200,Not Adj,Not Prelim
1980,Nov,California,7%,11698100,10883800,814300,Not Adj,Not Prelim
1980,Nov,Los Angeles County,7%,3799700,3533700,266000,Not Adj,Not Prelim
1980,Dec,California,6.5%,11638800,10885000,753900,Not Adj,Not Prelim
1980,Dec,Los Angeles County,6.3%,3777600,3541500,236100,Not Adj,Not Prelim
1979,Jan,California,7.2%,11100500,10304500,796000,Not Adj,Not Prelim
1979,Jan,Los Angeles County,6.4%,3668500,3434900,233700,Not Adj,Not Prelim
1979,Feb,California,7.1%,11134000,10349000,785000,Not Adj,Not Prelim
1979,Feb,Los Angeles County,6.1%,3678300,3453400,224900,Not Adj,Not Prelim
1979,Mar,California,6.6%,11120200,10380900,739300,Not Adj,Not Prelim
1979,Mar,Los Angeles County,5.7%,3657400,3448800,208500,Not Adj,Not Prelim
1979,Apr,California,6.2%,11053800,10369600,684200,Not Adj,Not Prelim
1979,Apr,Los Angeles County,5.4%,3604600,3408900,195700,Not Adj,Not Prelim
1979,May,California,5.6%,11065800,10448300,617400,Not Adj,Not Prelim
1979,May,Los Angeles County,5%,3589500,3410000,179500,Not Adj,Not Prelim
1979,Jun,California,6.1%,11244900,10560700,684100,Not Adj,Not Prelim
1979,Jun,Los Angeles County,5.5%,3612200,3415300,197000,Not Adj,Not Prelim
1979,Jul,California,6.4%,11421900,10686300,735600,Not Adj,Not Prelim
1979,Jul,Los Angeles County,6.1%,3684500,3458000,226500,Not Adj,Not Prelim
1979,Aug,California,6.4%,11460000,10730900,729100,Not Adj,Not Prelim
1979,Aug,Los Angeles County,6.1%,3672800,3450600,222200,Not Adj,Not Prelim
1979,Sep,California,5.9%,11385000,10708200,676800,Not Adj,Not Prelim
1979,Sep,Los Angeles County,5.5%,3677200,3473500,203700,Not Adj,Not Prelim
1979,Oct,California,5.9%,11449900,10773900,676000,Not Adj,Not Prelim
1979,Oct,Los Angeles County,5.3%,3694800,3497600,197200,Not Adj,Not Prelim
1979,Nov,California,5.9%,11432600,10754100,678500,Not Adj,Not Prelim
1979,Nov,Los Angeles County,5%,3722000,3537000,185000,Not Adj,Not Prelim
1979,Dec,California,5.8%,11478600,10815400,663300,Not Adj,Not Prelim
1979,Dec,Los Angeles County,4.7%,3748900,3571300,177600,Not Adj,Not Prelim
1978,Jan,California,8.1%,10610100,9749700,860400,Not Adj,Not Prelim
1978,Jan,Los Angeles County,7.8%,3497900,3226600,271300,Not Adj,Not Prelim
1978,Feb,California,8.1%,10646400,9783600,862800,Not Adj,Not Prelim
1978,Feb,Los Angeles County,7.7%,3513300,3241100,272200,Not Adj,Not Prelim
1978,Mar,California,7.9%,10728400,9876300,852100,Not Adj,Not Prelim
1978,Mar,Los Angeles County,7.5%,3529900,3264300,265700,Not Adj,Not Prelim
1978,Apr,California,7.3%,10769400,9983800,785600,Not Adj,Not Prelim
1978,Apr,Los Angeles County,7.2%,3529600,3276700,253000,Not Adj,Not Prelim
1978,May,California,6.8%,10793600,10061300,732300,Not Adj,Not Prelim
1978,May,Los Angeles County,6.8%,3529900,3289200,240700,Not Adj,Not Prelim
1978,Jun,California,7.2%,10970700,10184000,786700,Not Adj,Not Prelim
1978,Jun,Los Angeles County,7%,3563800,3313400,250400,Not Adj,Not Prelim
1978,Jul,California,7.9%,11093900,10222600,871400,Not Adj,Not Prelim
1978,Jul,Los Angeles County,7.7%,3635800,3357200,278600,Not Adj,Not Prelim
1978,Aug,California,6.9%,11098900,10330500,768400,Not Adj,Not Prelim
1978,Aug,Los Angeles County,6.5%,3631800,3394800,237100,Not Adj,Not Prelim
1978,Sep,California,6.6%,11009500,10280700,728800,Not Adj,Not Prelim
1978,Sep,Los Angeles County,6.4%,3661300,3428700,232600,Not Adj,Not Prelim
1978,Oct,California,6.2%,11067000,10378300,688700,Not Adj,Not Prelim
1978,Oct,Los Angeles County,5.9%,3680200,3462100,218100,Not Adj,Not Prelim
1978,Nov,California,6.5%,11074600,10357700,716900,Not Adj,Not Prelim
1978,Nov,Los Angeles County,6.1%,3683500,3459600,223800,Not Adj,Not Prelim
1978,Dec,California,6.5%,11104600,10384700,719900,Not Adj,Not Prelim
1978,Dec,Los Angeles County,5.8%,3697500,3481300,216200,Not Adj,Not Prelim
1977,Jan,California,10%,10089700,9083500,1006200,Not Adj,Not Prelim
1977,Jan,Los Angeles County,9.300000000000001%,3424100,3106700,317400,Not Adj,Not Prelim
1977,Feb,California,9.800000000000001%,10131800,9140400,991300,Not Adj,Not Prelim
1977,Feb,Los Angeles County,8.9%,3428700,3122600,306200,Not Adj,Not Prelim
1977,Mar,California,9.199999999999999%,10160500,9227400,933200,Not Adj,Not Prelim
1977,Mar,Los Angeles County,8.4%,3427600,3140400,287200,Not Adj,Not Prelim
1977,Apr,California,8.5%,10180900,9314800,866100,Not Adj,Not Prelim
1977,Apr,Los Angeles County,8%,3405900,3134800,271200,Not Adj,Not Prelim
1977,May,California,7.7%,10215100,9428700,786400,Not Adj,Not Prelim
1977,May,Los Angeles County,7.3%,3414600,3166900,247700,Not Adj,Not Prelim
1977,Jun,California,8.6%,10411300,9519800,891600,Not Adj,Not Prelim
1977,Jun,Los Angeles County,8%,3455000,3177500,277500,Not Adj,Not Prelim
1977,Jul,California,8.6%,10526200,9622300,904000,Not Adj,Not Prelim
1977,Jul,Los Angeles County,8.5%,3502800,3204400,298400,Not Adj,Not Prelim
1977,Aug,California,8.1%,10600600,9737600,863000,Not Adj,Not Prelim
1977,Aug,Los Angeles County,8.4%,3504200,3210100,294000,Not Adj,Not Prelim
1977,Sep,California,7.7%,10472000,9664100,807900,Not Adj,Not Prelim
1977,Sep,Los Angeles County,8%,3482400,3203400,278900,Not Adj,Not Prelim
1977,Oct,California,7.3%,10557800,9784900,772900,Not Adj,Not Prelim
1977,Oct,Los Angeles County,7.5%,3512700,3250500,262200,Not Adj,Not Prelim
1977,Nov,California,7.7%,10637600,9818000,819600,Not Adj,Not Prelim
1977,Nov,Los Angeles County,7.5%,3537600,3273400,264200,Not Adj,Not Prelim
1977,Dec,California,7%,10616900,9874300,742600,Not Adj,Not Prelim
1977,Dec,Los Angeles County,6.9%,3521000,3279200,241800,Not Adj,Not Prelim
1976,Jan,California,10.4%,9677500,8667500,1010000,Not Adj,Not Prelim
1976,Jan,Los Angeles County,9.6%,3354100,3031100,323000,Not Adj,Not Prelim
1976,Feb,California,10%,9680700,8713100,967600,Not Adj,Not Prelim
1976,Feb,Los Angeles County,9.300000000000001%,3360000,3048900,311100,Not Adj,Not Prelim
1976,Mar,California,9.300000000000001%,9684200,8783600,900600,Not Adj,Not Prelim
1976,Mar,Los Angeles County,8.699999999999999%,3357200,3066700,290500,Not Adj,Not Prelim
1976,Apr,California,8.699999999999999%,9682300,8835100,847200,Not Adj,Not Prelim
1976,Apr,Los Angeles County,8.300000000000001%,3353700,3075100,278700,Not Adj,Not Prelim
1976,May,California,7.8%,9686000,8933800,752200,Not Adj,Not Prelim
1976,May,Los Angeles County,7.7%,3332100,3075300,256700,Not Adj,Not Prelim
1976,Jun,California,8.9%,9879100,8999000,880000,Not Adj,Not Prelim
1976,Jun,Los Angeles County,8.699999999999999%,3354900,3061700,293200,Not Adj,Not Prelim
1976,Jul,California,9.5%,10075500,9116400,959100,Not Adj,Not Prelim
1976,Jul,Los Angeles County,9.5%,3431900,3107200,324700,Not Adj,Not Prelim
1976,Aug,California,9.1%,10095200,9173500,921700,Not Adj,Not Prelim
1976,Aug,Los Angeles County,9.300000000000001%,3426400,3108800,317600,Not Adj,Not Prelim
1976,Sep,California,8.9%,9965400,9074400,891000,Not Adj,Not Prelim
1976,Sep,Los Angeles County,8.9%,3417600,3112000,305600,Not Adj,Not Prelim
1976,Oct,California,8.9%,10041100,9146800,894300,Not Adj,Not Prelim
1976,Oct,Los Angeles County,8.9%,3419900,3116200,303700,Not Adj,Not Prelim
1976,Nov,California,9.5%,10087800,9131300,956500,Not Adj,Not Prelim
1976,Nov,Los Angeles County,9%,3447900,3138900,309100,Not Adj,Not Prelim
1976,Dec,California,9.1%,10102600,9182600,920000,Not Adj,Not Prelim
1976,Dec,Los Angeles County,8.6%,3442900,3147500,295400,Not Adj,Not Prelim
