DataExtractDate,ReportPeriod,FlightType,Arrival_Departure,Domestic_International,FlightOpsCount
05/01/2014 12:00:00 AM,01/01/2008 12:00:00 AM,Charter,Arrival,Domestic,13
05/01/2014 12:00:00 AM,01/01/2008 12:00:00 AM,Charter,Arrival,International,2
05/01/2014 12:00:00 AM,01/01/2008 12:00:00 AM,Charter,Departure,Domestic,10
05/01/2014 12:00:00 AM,01/01/2008 12:00:00 AM,Charter,Departure,International,2
05/01/2014 12:00:00 AM,01/01/2008 12:00:00 AM,Commuter,Arrival,Domestic,209
05/01/2014 12:00:00 AM,01/01/2008 12:00:00 AM,Commuter,Departure,Domestic,209
05/01/2014 12:00:00 AM,01/01/2008 12:00:00 AM,Scheduled,Arrival,Domestic,3408
05/01/2014 12:00:00 AM,01/01/2008 12:00:00 AM,Scheduled,Arrival,International,32
05/01/2014 12:00:00 AM,01/01/2008 12:00:00 AM,Scheduled,Departure,Domestic,3416
05/01/2014 12:00:00 AM,01/01/2008 12:00:00 AM,Scheduled,Departure,International,31
05/01/2014 12:00:00 AM,02/01/2008 12:00:00 AM,Charter,Arrival,Domestic,12
05/01/2014 12:00:00 AM,02/01/2008 12:00:00 AM,Charter,Arrival,International,1
05/01/2014 12:00:00 AM,02/01/2008 12:00:00 AM,Charter,Departure,Domestic,13
05/01/2014 12:00:00 AM,02/01/2008 12:00:00 AM,Commuter,Arrival,Domestic,166
05/01/2014 12:00:00 AM,02/01/2008 12:00:00 AM,Commuter,Departure,Domestic,166
05/01/2014 12:00:00 AM,02/01/2008 12:00:00 AM,Scheduled,Arrival,Domestic,3226
05/01/2014 12:00:00 AM,02/01/2008 12:00:00 AM,Scheduled,Arrival,International,29
05/01/2014 12:00:00 AM,02/01/2008 12:00:00 AM,Scheduled,Departure,Domestic,3220
05/01/2014 12:00:00 AM,02/01/2008 12:00:00 AM,Scheduled,Departure,International,29
05/01/2014 12:00:00 AM,03/01/2008 12:00:00 AM,Charter,Arrival,Domestic,16
05/01/2014 12:00:00 AM,03/01/2008 12:00:00 AM,Charter,Arrival,International,1
05/01/2014 12:00:00 AM,03/01/2008 12:00:00 AM,Charter,Departure,Domestic,13
05/01/2014 12:00:00 AM,03/01/2008 12:00:00 AM,Commuter,Arrival,Domestic,224
05/01/2014 12:00:00 AM,03/01/2008 12:00:00 AM,Commuter,Departure,Domestic,224
05/01/2014 12:00:00 AM,03/01/2008 12:00:00 AM,Scheduled,Arrival,Domestic,3408
05/01/2014 12:00:00 AM,03/01/2008 12:00:00 AM,Scheduled,Arrival,International,29
05/01/2014 12:00:00 AM,03/01/2008 12:00:00 AM,Scheduled,Departure,Domestic,3404
05/01/2014 12:00:00 AM,03/01/2008 12:00:00 AM,Scheduled,Departure,International,29
05/01/2014 12:00:00 AM,04/01/2008 12:00:00 AM,Charter,Arrival,Domestic,7
05/01/2014 12:00:00 AM,04/01/2008 12:00:00 AM,Charter,Departure,Domestic,7
05/01/2014 12:00:00 AM,04/01/2008 12:00:00 AM,Commuter,Arrival,Domestic,146
05/01/2014 12:00:00 AM,04/01/2008 12:00:00 AM,Commuter,Departure,Domestic,146
05/01/2014 12:00:00 AM,04/01/2008 12:00:00 AM,Scheduled,Arrival,Domestic,3217
05/01/2014 12:00:00 AM,04/01/2008 12:00:00 AM,Scheduled,Arrival,International,30
05/01/2014 12:00:00 AM,04/01/2008 12:00:00 AM,Scheduled,Departure,Domestic,3222
05/01/2014 12:00:00 AM,04/01/2008 12:00:00 AM,Scheduled,Departure,International,30
05/01/2014 12:00:00 AM,05/01/2008 12:00:00 AM,Charter,Arrival,Domestic,15
05/01/2014 12:00:00 AM,05/01/2008 12:00:00 AM,Charter,Departure,Domestic,15
05/01/2014 12:00:00 AM,05/01/2008 12:00:00 AM,Commuter,Arrival,Domestic,208
05/01/2014 12:00:00 AM,05/01/2008 12:00:00 AM,Commuter,Departure,Domestic,208
05/01/2014 12:00:00 AM,05/01/2008 12:00:00 AM,Scheduled,Arrival,Domestic,3181
05/01/2014 12:00:00 AM,05/01/2008 12:00:00 AM,Scheduled,Arrival,International,31
05/01/2014 12:00:00 AM,05/01/2008 12:00:00 AM,Scheduled,Departure,Domestic,3180
05/01/2014 12:00:00 AM,05/01/2008 12:00:00 AM,Scheduled,Departure,International,31
05/01/2014 12:00:00 AM,06/01/2008 12:00:00 AM,Charter,Arrival,Domestic,33
05/01/2014 12:00:00 AM,06/01/2008 12:00:00 AM,Charter,Departure,Domestic,32
05/01/2014 12:00:00 AM,06/01/2008 12:00:00 AM,Commuter,Arrival,Domestic,151
05/01/2014 12:00:00 AM,06/01/2008 12:00:00 AM,Commuter,Departure,Domestic,151
05/01/2014 12:00:00 AM,06/01/2008 12:00:00 AM,Scheduled,Arrival,Domestic,3115
05/01/2014 12:00:00 AM,06/01/2008 12:00:00 AM,Scheduled,Arrival,International,30
05/01/2014 12:00:00 AM,06/01/2008 12:00:00 AM,Scheduled,Departure,Domestic,3114
05/01/2014 12:00:00 AM,06/01/2008 12:00:00 AM,Scheduled,Departure,International,30
05/01/2014 12:00:00 AM,07/01/2008 12:00:00 AM,Charter,Arrival,Domestic,23
05/01/2014 12:00:00 AM,07/01/2008 12:00:00 AM,Charter,Departure,Domestic,22
05/01/2014 12:00:00 AM,07/01/2008 12:00:00 AM,Charter,Departure,International,1
05/01/2014 12:00:00 AM,07/01/2008 12:00:00 AM,Commuter,Arrival,Domestic,146
05/01/2014 12:00:00 AM,07/01/2008 12:00:00 AM,Commuter,Departure,Domestic,146
05/01/2014 12:00:00 AM,07/01/2008 12:00:00 AM,Scheduled,Arrival,Domestic,3185
05/01/2014 12:00:00 AM,07/01/2008 12:00:00 AM,Scheduled,Arrival,International,30
05/01/2014 12:00:00 AM,07/01/2008 12:00:00 AM,Scheduled,Departure,Domestic,3185
05/01/2014 12:00:00 AM,07/01/2008 12:00:00 AM,Scheduled,Departure,International,30
05/01/2014 12:00:00 AM,08/01/2008 12:00:00 AM,Charter,Arrival,Domestic,27
05/01/2014 12:00:00 AM,08/01/2008 12:00:00 AM,Charter,Departure,Domestic,29
05/01/2014 12:00:00 AM,08/01/2008 12:00:00 AM,Commuter,Arrival,Domestic,157
05/01/2014 12:00:00 AM,08/01/2008 12:00:00 AM,Commuter,Departure,Domestic,157
05/01/2014 12:00:00 AM,08/01/2008 12:00:00 AM,Scheduled,Arrival,Domestic,3103
05/01/2014 12:00:00 AM,08/01/2008 12:00:00 AM,Scheduled,Arrival,International,31
05/01/2014 12:00:00 AM,08/01/2008 12:00:00 AM,Scheduled,Departure,Domestic,3100
05/01/2014 12:00:00 AM,08/01/2008 12:00:00 AM,Scheduled,Departure,International,31
05/01/2014 12:00:00 AM,09/01/2008 12:00:00 AM,Charter,Arrival,Domestic,13
05/01/2014 12:00:00 AM,09/01/2008 12:00:00 AM,Charter,Departure,Domestic,12
05/01/2014 12:00:00 AM,09/01/2008 12:00:00 AM,Charter,Departure,International,1
05/01/2014 12:00:00 AM,09/01/2008 12:00:00 AM,Commuter,Arrival,Domestic,226
05/01/2014 12:00:00 AM,09/01/2008 12:00:00 AM,Commuter,Departure,Domestic,226
05/01/2014 12:00:00 AM,09/01/2008 12:00:00 AM,Scheduled,Arrival,Domestic,2184
05/01/2014 12:00:00 AM,09/01/2008 12:00:00 AM,Scheduled,Arrival,International,27
05/01/2014 12:00:00 AM,09/01/2008 12:00:00 AM,Scheduled,Departure,Domestic,2189
05/01/2014 12:00:00 AM,09/01/2008 12:00:00 AM,Scheduled,Departure,International,27
05/01/2014 12:00:00 AM,10/01/2008 12:00:00 AM,Charter,Arrival,Domestic,8
05/01/2014 12:00:00 AM,10/01/2008 12:00:00 AM,Charter,Arrival,International,1
05/01/2014 12:00:00 AM,10/01/2008 12:00:00 AM,Charter,Departure,Domestic,6
05/01/2014 12:00:00 AM,10/01/2008 12:00:00 AM,Charter,Departure,International,2
05/01/2014 12:00:00 AM,10/01/2008 12:00:00 AM,Commuter,Arrival,Domestic,236
05/01/2014 12:00:00 AM,10/01/2008 12:00:00 AM,Commuter,Departure,Domestic,236
05/01/2014 12:00:00 AM,10/01/2008 12:00:00 AM,Scheduled,Arrival,Domestic,2322
05/01/2014 12:00:00 AM,10/01/2008 12:00:00 AM,Scheduled,Arrival,International,35
05/01/2014 12:00:00 AM,10/01/2008 12:00:00 AM,Scheduled,Departure,Domestic,2325
05/01/2014 12:00:00 AM,10/01/2008 12:00:00 AM,Scheduled,Departure,International,31
05/01/2014 12:00:00 AM,11/01/2008 12:00:00 AM,Charter,Arrival,Domestic,9
05/01/2014 12:00:00 AM,11/01/2008 12:00:00 AM,Charter,Departure,Domestic,8
05/01/2014 12:00:00 AM,11/01/2008 12:00:00 AM,Charter,Departure,International,1
05/01/2014 12:00:00 AM,11/01/2008 12:00:00 AM,Commuter,Arrival,Domestic,221
05/01/2014 12:00:00 AM,11/01/2008 12:00:00 AM,Commuter,Departure,Domestic,221
05/01/2014 12:00:00 AM,11/01/2008 12:00:00 AM,Scheduled,Arrival,Domestic,2119
05/01/2014 12:00:00 AM,11/01/2008 12:00:00 AM,Scheduled,Arrival,International,32
05/01/2014 12:00:00 AM,11/01/2008 12:00:00 AM,Scheduled,Departure,Domestic,2115
05/01/2014 12:00:00 AM,11/01/2008 12:00:00 AM,Scheduled,Departure,International,30
05/01/2014 12:00:00 AM,12/01/2008 12:00:00 AM,Charter,Arrival,Domestic,3
05/01/2014 12:00:00 AM,12/01/2008 12:00:00 AM,Charter,Arrival,International,1
05/01/2014 12:00:00 AM,12/01/2008 12:00:00 AM,Charter,Departure,Domestic,4
05/01/2014 12:00:00 AM,12/01/2008 12:00:00 AM,Commuter,Arrival,Domestic,226
05/01/2014 12:00:00 AM,12/01/2008 12:00:00 AM,Commuter,Departure,Domestic,226
05/01/2014 12:00:00 AM,12/01/2008 12:00:00 AM,Scheduled,Arrival,Domestic,2144
05/01/2014 12:00:00 AM,12/01/2008 12:00:00 AM,Scheduled,Arrival,International,33
05/01/2014 12:00:00 AM,12/01/2008 12:00:00 AM,Scheduled,Departure,Domestic,2142
05/01/2014 12:00:00 AM,12/01/2008 12:00:00 AM,Scheduled,Departure,International,30
05/01/2014 12:00:00 AM,01/01/2009 12:00:00 AM,Charter,Arrival,Domestic,9
05/01/2014 12:00:00 AM,01/01/2009 12:00:00 AM,Charter,Departure,Domestic,7
05/01/2014 12:00:00 AM,01/01/2009 12:00:00 AM,Commuter,Arrival,Domestic,209
05/01/2014 12:00:00 AM,01/01/2009 12:00:00 AM,Commuter,Departure,Domestic,209
05/01/2014 12:00:00 AM,01/01/2009 12:00:00 AM,Scheduled,Arrival,Domestic,2057
05/01/2014 12:00:00 AM,01/01/2009 12:00:00 AM,Scheduled,Arrival,International,32
05/01/2014 12:00:00 AM,01/01/2009 12:00:00 AM,Scheduled,Departure,Domestic,2058
05/01/2014 12:00:00 AM,01/01/2009 12:00:00 AM,Scheduled,Departure,International,32
05/01/2014 12:00:00 AM,02/01/2009 12:00:00 AM,Charter,Arrival,Domestic,3
05/01/2014 12:00:00 AM,02/01/2009 12:00:00 AM,Charter,Arrival,International,1
05/01/2014 12:00:00 AM,02/01/2009 12:00:00 AM,Charter,Departure,Domestic,2
05/01/2014 12:00:00 AM,02/01/2009 12:00:00 AM,Charter,Departure,International,2
05/01/2014 12:00:00 AM,02/01/2009 12:00:00 AM,Commuter,Arrival,Domestic,192
05/01/2014 12:00:00 AM,02/01/2009 12:00:00 AM,Commuter,Departure,Domestic,192
05/01/2014 12:00:00 AM,02/01/2009 12:00:00 AM,Scheduled,Arrival,Domestic,1848
05/01/2014 12:00:00 AM,02/01/2009 12:00:00 AM,Scheduled,Arrival,International,28
05/01/2014 12:00:00 AM,02/01/2009 12:00:00 AM,Scheduled,Departure,Domestic,1847
05/01/2014 12:00:00 AM,02/01/2009 12:00:00 AM,Scheduled,Departure,International,28
05/01/2014 12:00:00 AM,03/01/2009 12:00:00 AM,Charter,Arrival,Domestic,7
05/01/2014 12:00:00 AM,03/01/2009 12:00:00 AM,Charter,Arrival,International,2
05/01/2014 12:00:00 AM,03/01/2009 12:00:00 AM,Charter,Departure,Domestic,7
05/01/2014 12:00:00 AM,03/01/2009 12:00:00 AM,Charter,Departure,International,2
05/01/2014 12:00:00 AM,03/01/2009 12:00:00 AM,Commuter,Arrival,Domestic,225
05/01/2014 12:00:00 AM,03/01/2009 12:00:00 AM,Commuter,Departure,Domestic,225
05/01/2014 12:00:00 AM,03/01/2009 12:00:00 AM,Scheduled,Arrival,Domestic,2157
05/01/2014 12:00:00 AM,03/01/2009 12:00:00 AM,Scheduled,Arrival,International,31
05/01/2014 12:00:00 AM,03/01/2009 12:00:00 AM,Scheduled,Departure,Domestic,2162
05/01/2014 12:00:00 AM,03/01/2009 12:00:00 AM,Scheduled,Departure,International,31
05/01/2014 12:00:00 AM,04/01/2009 12:00:00 AM,Charter,Arrival,Domestic,5
05/01/2014 12:00:00 AM,04/01/2009 12:00:00 AM,Charter,Departure,Domestic,8
05/01/2014 12:00:00 AM,04/01/2009 12:00:00 AM,Commuter,Arrival,Domestic,120
05/01/2014 12:00:00 AM,04/01/2009 12:00:00 AM,Commuter,Departure,Domestic,120
05/01/2014 12:00:00 AM,04/01/2009 12:00:00 AM,Scheduled,Arrival,Domestic,2223
05/01/2014 12:00:00 AM,04/01/2009 12:00:00 AM,Scheduled,Arrival,International,30
05/01/2014 12:00:00 AM,04/01/2009 12:00:00 AM,Scheduled,Departure,Domestic,2216
05/01/2014 12:00:00 AM,04/01/2009 12:00:00 AM,Scheduled,Departure,International,30
05/01/2014 12:00:00 AM,05/01/2009 12:00:00 AM,Charter,Arrival,Domestic,9
05/01/2014 12:00:00 AM,05/01/2009 12:00:00 AM,Charter,Departure,Domestic,5
05/01/2014 12:00:00 AM,05/01/2009 12:00:00 AM,Commuter,Arrival,Domestic,123
05/01/2014 12:00:00 AM,05/01/2009 12:00:00 AM,Commuter,Departure,Domestic,123
05/01/2014 12:00:00 AM,05/01/2009 12:00:00 AM,Scheduled,Arrival,Domestic,2257
05/01/2014 12:00:00 AM,05/01/2009 12:00:00 AM,Scheduled,Arrival,International,30
05/01/2014 12:00:00 AM,05/01/2009 12:00:00 AM,Scheduled,Departure,Domestic,2249
05/01/2014 12:00:00 AM,05/01/2009 12:00:00 AM,Scheduled,Departure,International,30
05/01/2014 12:00:00 AM,06/01/2009 12:00:00 AM,Charter,Arrival,Domestic,6
05/01/2014 12:00:00 AM,06/01/2009 12:00:00 AM,Charter,Departure,Domestic,6
05/01/2014 12:00:00 AM,06/01/2009 12:00:00 AM,Commuter,Arrival,Domestic,119
05/01/2014 12:00:00 AM,06/01/2009 12:00:00 AM,Commuter,Departure,Domestic,119
05/01/2014 12:00:00 AM,06/01/2009 12:00:00 AM,Scheduled,Arrival,Domestic,2251
05/01/2014 12:00:00 AM,06/01/2009 12:00:00 AM,Scheduled,Arrival,International,27
05/01/2014 12:00:00 AM,06/01/2009 12:00:00 AM,Scheduled,Departure,Domestic,2246
05/01/2014 12:00:00 AM,06/01/2009 12:00:00 AM,Scheduled,Departure,International,27
05/01/2014 12:00:00 AM,07/01/2009 12:00:00 AM,Charter,Arrival,Domestic,13
05/01/2014 12:00:00 AM,07/01/2009 12:00:00 AM,Charter,Departure,Domestic,14
05/01/2014 12:00:00 AM,07/01/2009 12:00:00 AM,Commuter,Arrival,Domestic,122
05/01/2014 12:00:00 AM,07/01/2009 12:00:00 AM,Commuter,Departure,Domestic,122
05/01/2014 12:00:00 AM,07/01/2009 12:00:00 AM,Scheduled,Arrival,Domestic,2327
05/01/2014 12:00:00 AM,07/01/2009 12:00:00 AM,Scheduled,Arrival,International,31
05/01/2014 12:00:00 AM,07/01/2009 12:00:00 AM,Scheduled,Departure,Domestic,2318
05/01/2014 12:00:00 AM,07/01/2009 12:00:00 AM,Scheduled,Departure,International,31
05/01/2014 12:00:00 AM,08/01/2009 12:00:00 AM,Charter,Arrival,Domestic,11
05/01/2014 12:00:00 AM,08/01/2009 12:00:00 AM,Charter,Departure,Domestic,9
05/01/2014 12:00:00 AM,08/01/2009 12:00:00 AM,Commuter,Arrival,Domestic,262
05/01/2014 12:00:00 AM,08/01/2009 12:00:00 AM,Commuter,Departure,Domestic,262
05/01/2014 12:00:00 AM,08/01/2009 12:00:00 AM,Scheduled,Arrival,Domestic,2263
05/01/2014 12:00:00 AM,08/01/2009 12:00:00 AM,Scheduled,Arrival,International,31
05/01/2014 12:00:00 AM,08/01/2009 12:00:00 AM,Scheduled,Departure,Domestic,2251
05/01/2014 12:00:00 AM,08/01/2009 12:00:00 AM,Scheduled,Departure,International,31
05/01/2014 12:00:00 AM,09/01/2009 12:00:00 AM,Charter,Arrival,Domestic,4
05/01/2014 12:00:00 AM,09/01/2009 12:00:00 AM,Charter,Arrival,International,1
05/01/2014 12:00:00 AM,09/01/2009 12:00:00 AM,Charter,Departure,Domestic,6
05/01/2014 12:00:00 AM,09/01/2009 12:00:00 AM,Commuter,Arrival,Domestic,210
05/01/2014 12:00:00 AM,09/01/2009 12:00:00 AM,Commuter,Departure,Domestic,210
05/01/2014 12:00:00 AM,09/01/2009 12:00:00 AM,Scheduled,Arrival,Domestic,2140
05/01/2014 12:00:00 AM,09/01/2009 12:00:00 AM,Scheduled,Arrival,International,30
05/01/2014 12:00:00 AM,09/01/2009 12:00:00 AM,Scheduled,Departure,Domestic,2138
05/01/2014 12:00:00 AM,09/01/2009 12:00:00 AM,Scheduled,Departure,International,30
05/01/2014 12:00:00 AM,10/01/2009 12:00:00 AM,Charter,Arrival,Domestic,9
05/01/2014 12:00:00 AM,10/01/2009 12:00:00 AM,Charter,Arrival,International,1
05/01/2014 12:00:00 AM,10/01/2009 12:00:00 AM,Charter,Departure,Domestic,13
05/01/2014 12:00:00 AM,10/01/2009 12:00:00 AM,Charter,Departure,International,1
05/01/2014 12:00:00 AM,10/01/2009 12:00:00 AM,Commuter,Arrival,Domestic,242
05/01/2014 12:00:00 AM,10/01/2009 12:00:00 AM,Commuter,Departure,Domestic,242
05/01/2014 12:00:00 AM,10/01/2009 12:00:00 AM,Scheduled,Arrival,Domestic,2169
05/01/2014 12:00:00 AM,10/01/2009 12:00:00 AM,Scheduled,Arrival,International,31
05/01/2014 12:00:00 AM,10/01/2009 12:00:00 AM,Scheduled,Departure,Domestic,2161
05/01/2014 12:00:00 AM,10/01/2009 12:00:00 AM,Scheduled,Departure,International,31
05/01/2014 12:00:00 AM,11/01/2009 12:00:00 AM,Charter,Arrival,Domestic,10
05/01/2014 12:00:00 AM,11/01/2009 12:00:00 AM,Charter,Departure,Domestic,9
05/01/2014 12:00:00 AM,11/01/2009 12:00:00 AM,Charter,Departure,International,1
05/01/2014 12:00:00 AM,11/01/2009 12:00:00 AM,Commuter,Arrival,Domestic,263
05/01/2014 12:00:00 AM,11/01/2009 12:00:00 AM,Commuter,Departure,Domestic,263
05/01/2014 12:00:00 AM,11/01/2009 12:00:00 AM,Scheduled,Arrival,Domestic,2054
05/01/2014 12:00:00 AM,11/01/2009 12:00:00 AM,Scheduled,Arrival,International,29
05/01/2014 12:00:00 AM,11/01/2009 12:00:00 AM,Scheduled,Departure,Domestic,2046
05/01/2014 12:00:00 AM,11/01/2009 12:00:00 AM,Scheduled,Departure,International,29
05/01/2014 12:00:00 AM,12/01/2009 12:00:00 AM,Charter,Arrival,Domestic,3
05/01/2014 12:00:00 AM,12/01/2009 12:00:00 AM,Charter,Departure,Domestic,2
05/01/2014 12:00:00 AM,12/01/2009 12:00:00 AM,Charter,Departure,International,1
05/01/2014 12:00:00 AM,12/01/2009 12:00:00 AM,Commuter,Arrival,Domestic,272
05/01/2014 12:00:00 AM,12/01/2009 12:00:00 AM,Commuter,Departure,Domestic,272
05/01/2014 12:00:00 AM,12/01/2009 12:00:00 AM,Scheduled,Arrival,Domestic,2084
05/01/2014 12:00:00 AM,12/01/2009 12:00:00 AM,Scheduled,Arrival,International,28
05/01/2014 12:00:00 AM,12/01/2009 12:00:00 AM,Scheduled,Departure,Domestic,2077
05/01/2014 12:00:00 AM,12/01/2009 12:00:00 AM,Scheduled,Departure,International,29
05/01/2014 12:00:00 AM,01/01/2010 12:00:00 AM,Charter,Arrival,Domestic,25
05/01/2014 12:00:00 AM,01/01/2010 12:00:00 AM,Charter,Arrival,International,1
05/01/2014 12:00:00 AM,01/01/2010 12:00:00 AM,Charter,Departure,Domestic,24
05/01/2014 12:00:00 AM,01/01/2010 12:00:00 AM,Commuter,Arrival,Domestic,245
05/01/2014 12:00:00 AM,01/01/2010 12:00:00 AM,Commuter,Departure,Domestic,245
05/01/2014 12:00:00 AM,01/01/2010 12:00:00 AM,Scheduled,Arrival,Domestic,1969
05/01/2014 12:00:00 AM,01/01/2010 12:00:00 AM,Scheduled,Arrival,International,24
05/01/2014 12:00:00 AM,01/01/2010 12:00:00 AM,Scheduled,Departure,Domestic,1960
05/01/2014 12:00:00 AM,01/01/2010 12:00:00 AM,Scheduled,Departure,International,23
05/01/2014 12:00:00 AM,02/01/2010 12:00:00 AM,Charter,Arrival,Domestic,7
05/01/2014 12:00:00 AM,02/01/2010 12:00:00 AM,Charter,Departure,Domestic,4
05/01/2014 12:00:00 AM,02/01/2010 12:00:00 AM,Commuter,Arrival,Domestic,240
05/01/2014 12:00:00 AM,02/01/2010 12:00:00 AM,Commuter,Departure,Domestic,240
05/01/2014 12:00:00 AM,02/01/2010 12:00:00 AM,Scheduled,Arrival,Domestic,1831
05/01/2014 12:00:00 AM,02/01/2010 12:00:00 AM,Scheduled,Arrival,International,3
05/01/2014 12:00:00 AM,02/01/2010 12:00:00 AM,Scheduled,Departure,Domestic,1827
05/01/2014 12:00:00 AM,02/01/2010 12:00:00 AM,Scheduled,Departure,International,3
05/01/2014 12:00:00 AM,03/01/2010 12:00:00 AM,Charter,Arrival,Domestic,5
05/01/2014 12:00:00 AM,03/01/2010 12:00:00 AM,Charter,Departure,Domestic,5
05/01/2014 12:00:00 AM,03/01/2010 12:00:00 AM,Commuter,Arrival,Domestic,121
05/01/2014 12:00:00 AM,03/01/2010 12:00:00 AM,Commuter,Departure,Domestic,121
05/01/2014 12:00:00 AM,03/01/2010 12:00:00 AM,Scheduled,Arrival,Domestic,2102
05/01/2014 12:00:00 AM,03/01/2010 12:00:00 AM,Scheduled,Arrival,International,2
05/01/2014 12:00:00 AM,03/01/2010 12:00:00 AM,Scheduled,Departure,Domestic,2089
05/01/2014 12:00:00 AM,03/01/2010 12:00:00 AM,Scheduled,Departure,International,2
05/01/2014 12:00:00 AM,04/01/2010 12:00:00 AM,Charter,Arrival,Domestic,151
05/01/2014 12:00:00 AM,04/01/2010 12:00:00 AM,Charter,Departure,Domestic,151
05/01/2014 12:00:00 AM,04/01/2010 12:00:00 AM,Charter,Departure,International,2
05/01/2014 12:00:00 AM,04/01/2010 12:00:00 AM,Commuter,Arrival,Domestic,218
05/01/2014 12:00:00 AM,04/01/2010 12:00:00 AM,Commuter,Departure,Domestic,218
05/01/2014 12:00:00 AM,04/01/2010 12:00:00 AM,Scheduled,Arrival,Domestic,2062
05/01/2014 12:00:00 AM,04/01/2010 12:00:00 AM,Scheduled,Departure,Domestic,2061
05/01/2014 12:00:00 AM,05/01/2010 12:00:00 AM,Charter,Arrival,Domestic,15
05/01/2014 12:00:00 AM,05/01/2010 12:00:00 AM,Charter,Departure,Domestic,14
05/01/2014 12:00:00 AM,05/01/2010 12:00:00 AM,Commuter,Arrival,Domestic,230
05/01/2014 12:00:00 AM,05/01/2010 12:00:00 AM,Commuter,Departure,Domestic,230
05/01/2014 12:00:00 AM,05/01/2010 12:00:00 AM,Scheduled,Arrival,Domestic,2057
05/01/2014 12:00:00 AM,05/01/2010 12:00:00 AM,Scheduled,Departure,Domestic,2057
05/01/2014 12:00:00 AM,06/01/2010 12:00:00 AM,Charter,Arrival,Domestic,6
05/01/2014 12:00:00 AM,06/01/2010 12:00:00 AM,Charter,Departure,Domestic,6
05/01/2014 12:00:00 AM,06/01/2010 12:00:00 AM,Commuter,Arrival,Domestic,269
05/01/2014 12:00:00 AM,06/01/2010 12:00:00 AM,Commuter,Departure,Domestic,269
05/01/2014 12:00:00 AM,06/01/2010 12:00:00 AM,Scheduled,Arrival,Domestic,2023
05/01/2014 12:00:00 AM,06/01/2010 12:00:00 AM,Scheduled,Departure,Domestic,2022
05/01/2014 12:00:00 AM,07/01/2010 12:00:00 AM,Charter,Arrival,Domestic,9
05/01/2014 12:00:00 AM,07/01/2010 12:00:00 AM,Charter,Arrival,International,2
05/01/2014 12:00:00 AM,07/01/2010 12:00:00 AM,Charter,Departure,Domestic,6
05/01/2014 12:00:00 AM,07/01/2010 12:00:00 AM,Commuter,Arrival,Domestic,322
05/01/2014 12:00:00 AM,07/01/2010 12:00:00 AM,Commuter,Departure,Domestic,322
05/01/2014 12:00:00 AM,07/01/2010 12:00:00 AM,Scheduled,Arrival,Domestic,2060
05/01/2014 12:00:00 AM,07/01/2010 12:00:00 AM,Scheduled,Departure,Domestic,2058
05/01/2014 12:00:00 AM,08/01/2010 12:00:00 AM,Charter,Arrival,Domestic,10
05/01/2014 12:00:00 AM,08/01/2010 12:00:00 AM,Charter,Departure,Domestic,9
05/01/2014 12:00:00 AM,08/01/2010 12:00:00 AM,Commuter,Arrival,Domestic,298
05/01/2014 12:00:00 AM,08/01/2010 12:00:00 AM,Commuter,Departure,Domestic,298
05/01/2014 12:00:00 AM,08/01/2010 12:00:00 AM,Scheduled,Arrival,Domestic,1990
05/01/2014 12:00:00 AM,08/01/2010 12:00:00 AM,Scheduled,Departure,Domestic,1990
05/01/2014 12:00:00 AM,09/01/2010 12:00:00 AM,Charter,Arrival,Domestic,1
05/01/2014 12:00:00 AM,09/01/2010 12:00:00 AM,Charter,Departure,Domestic,1
05/01/2014 12:00:00 AM,09/01/2010 12:00:00 AM,Commuter,Arrival,Domestic,264
05/01/2014 12:00:00 AM,09/01/2010 12:00:00 AM,Commuter,Departure,Domestic,264
05/01/2014 12:00:00 AM,09/01/2010 12:00:00 AM,Scheduled,Arrival,Domestic,1847
05/01/2014 12:00:00 AM,09/01/2010 12:00:00 AM,Scheduled,Departure,Domestic,1842
05/01/2014 12:00:00 AM,10/01/2010 12:00:00 AM,Charter,Arrival,Domestic,6
05/01/2014 12:00:00 AM,10/01/2010 12:00:00 AM,Charter,Arrival,International,1
05/01/2014 12:00:00 AM,10/01/2010 12:00:00 AM,Charter,Departure,Domestic,8
05/01/2014 12:00:00 AM,10/01/2010 12:00:00 AM,Commuter,Arrival,Domestic,239
05/01/2014 12:00:00 AM,10/01/2010 12:00:00 AM,Commuter,Departure,Domestic,239
05/01/2014 12:00:00 AM,10/01/2010 12:00:00 AM,Scheduled,Arrival,Domestic,1966
05/01/2014 12:00:00 AM,10/01/2010 12:00:00 AM,Scheduled,Departure,Domestic,1962
05/01/2014 12:00:00 AM,11/01/2010 12:00:00 AM,Charter,Arrival,Domestic,16
05/01/2014 12:00:00 AM,11/01/2010 12:00:00 AM,Charter,Arrival,International,1
05/01/2014 12:00:00 AM,11/01/2010 12:00:00 AM,Charter,Departure,Domestic,13
05/01/2014 12:00:00 AM,11/01/2010 12:00:00 AM,Commuter,Arrival,Domestic,258
05/01/2014 12:00:00 AM,11/01/2010 12:00:00 AM,Commuter,Departure,Domestic,258
05/01/2014 12:00:00 AM,11/01/2010 12:00:00 AM,Scheduled,Arrival,Domestic,1830
05/01/2014 12:00:00 AM,11/01/2010 12:00:00 AM,Scheduled,Arrival,International,11
05/01/2014 12:00:00 AM,11/01/2010 12:00:00 AM,Scheduled,Departure,Domestic,1824
05/01/2014 12:00:00 AM,11/01/2010 12:00:00 AM,Scheduled,Departure,International,10
05/01/2014 12:00:00 AM,12/01/2010 12:00:00 AM,Charter,Arrival,Domestic,9
05/01/2014 12:00:00 AM,12/01/2010 12:00:00 AM,Charter,Departure,Domestic,10
05/01/2014 12:00:00 AM,12/01/2010 12:00:00 AM,Commuter,Arrival,Domestic,252
05/01/2014 12:00:00 AM,12/01/2010 12:00:00 AM,Commuter,Departure,Domestic,252
05/01/2014 12:00:00 AM,12/01/2010 12:00:00 AM,Scheduled,Arrival,Domestic,1874
05/01/2014 12:00:00 AM,12/01/2010 12:00:00 AM,Scheduled,Arrival,International,30
05/01/2014 12:00:00 AM,12/01/2010 12:00:00 AM,Scheduled,Departure,Domestic,1868
05/01/2014 12:00:00 AM,12/01/2010 12:00:00 AM,Scheduled,Departure,International,30
05/01/2014 12:00:00 AM,01/01/2011 12:00:00 AM,Charter,Arrival,Domestic,2
05/01/2014 12:00:00 AM,01/01/2011 12:00:00 AM,Charter,Arrival,International,1
05/01/2014 12:00:00 AM,01/01/2011 12:00:00 AM,Commuter,Arrival,Domestic,245
05/01/2014 12:00:00 AM,01/01/2011 12:00:00 AM,Commuter,Departure,Domestic,245
05/01/2014 12:00:00 AM,01/01/2011 12:00:00 AM,Scheduled,Arrival,Domestic,1846
05/01/2014 12:00:00 AM,01/01/2011 12:00:00 AM,Scheduled,Arrival,International,31
05/01/2014 12:00:00 AM,01/01/2011 12:00:00 AM,Scheduled,Departure,Domestic,1846
05/01/2014 12:00:00 AM,01/01/2011 12:00:00 AM,Scheduled,Departure,International,31
05/01/2014 12:00:00 AM,02/01/2011 12:00:00 AM,Charter,Arrival,Domestic,4
05/01/2014 12:00:00 AM,02/01/2011 12:00:00 AM,Charter,Arrival,International,1
05/01/2014 12:00:00 AM,02/01/2011 12:00:00 AM,Charter,Departure,Domestic,6
05/01/2014 12:00:00 AM,02/01/2011 12:00:00 AM,Commuter,Arrival,Domestic,231
05/01/2014 12:00:00 AM,02/01/2011 12:00:00 AM,Commuter,Departure,Domestic,231
05/01/2014 12:00:00 AM,02/01/2011 12:00:00 AM,Scheduled,Arrival,Domestic,1680
05/01/2014 12:00:00 AM,02/01/2011 12:00:00 AM,Scheduled,Arrival,International,13
05/01/2014 12:00:00 AM,02/01/2011 12:00:00 AM,Scheduled,Departure,Domestic,1682
05/01/2014 12:00:00 AM,02/01/2011 12:00:00 AM,Scheduled,Departure,International,14
05/01/2014 12:00:00 AM,03/01/2011 12:00:00 AM,Charter,Arrival,Domestic,8
05/01/2014 12:00:00 AM,03/01/2011 12:00:00 AM,Charter,Arrival,International,1
05/01/2014 12:00:00 AM,03/01/2011 12:00:00 AM,Charter,Departure,Domestic,10
05/01/2014 12:00:00 AM,03/01/2011 12:00:00 AM,Commuter,Arrival,Domestic,268
05/01/2014 12:00:00 AM,03/01/2011 12:00:00 AM,Commuter,Departure,Domestic,268
05/01/2014 12:00:00 AM,03/01/2011 12:00:00 AM,Scheduled,Arrival,Domestic,1976
05/01/2014 12:00:00 AM,03/01/2011 12:00:00 AM,Scheduled,Arrival,International,13
05/01/2014 12:00:00 AM,03/01/2011 12:00:00 AM,Scheduled,Departure,Domestic,1942
05/01/2014 12:00:00 AM,03/01/2011 12:00:00 AM,Scheduled,Departure,International,12
05/01/2014 12:00:00 AM,04/01/2011 12:00:00 AM,Charter,Arrival,Domestic,9
05/01/2014 12:00:00 AM,04/01/2011 12:00:00 AM,Charter,Departure,Domestic,16
05/01/2014 12:00:00 AM,04/01/2011 12:00:00 AM,Charter,Departure,International,1
05/01/2014 12:00:00 AM,04/01/2011 12:00:00 AM,Commuter,Arrival,Domestic,227
05/01/2014 12:00:00 AM,04/01/2011 12:00:00 AM,Commuter,Departure,Domestic,227
05/01/2014 12:00:00 AM,04/01/2011 12:00:00 AM,Scheduled,Arrival,Domestic,1866
05/01/2014 12:00:00 AM,04/01/2011 12:00:00 AM,Scheduled,Arrival,International,29
05/01/2014 12:00:00 AM,04/01/2011 12:00:00 AM,Scheduled,Departure,Domestic,1863
05/01/2014 12:00:00 AM,04/01/2011 12:00:00 AM,Scheduled,Departure,International,29
05/01/2014 12:00:00 AM,05/01/2011 12:00:00 AM,Charter,Arrival,Domestic,19
05/01/2014 12:00:00 AM,05/01/2011 12:00:00 AM,Charter,Departure,Domestic,9
05/01/2014 12:00:00 AM,05/01/2011 12:00:00 AM,Commuter,Arrival,Domestic,243
05/01/2014 12:00:00 AM,05/01/2011 12:00:00 AM,Commuter,Departure,Domestic,243
05/01/2014 12:00:00 AM,05/01/2011 12:00:00 AM,Scheduled,Arrival,Domestic,1877
05/01/2014 12:00:00 AM,05/01/2011 12:00:00 AM,Scheduled,Arrival,International,31
05/01/2014 12:00:00 AM,05/01/2011 12:00:00 AM,Scheduled,Departure,Domestic,1877
05/01/2014 12:00:00 AM,05/01/2011 12:00:00 AM,Scheduled,Departure,International,31
05/01/2014 12:00:00 AM,06/01/2011 12:00:00 AM,Charter,Arrival,Domestic,5
05/01/2014 12:00:00 AM,06/01/2011 12:00:00 AM,Charter,Departure,Domestic,9
05/01/2014 12:00:00 AM,06/01/2011 12:00:00 AM,Commuter,Arrival,Domestic,258
05/01/2014 12:00:00 AM,06/01/2011 12:00:00 AM,Commuter,Departure,Domestic,258
05/01/2014 12:00:00 AM,06/01/2011 12:00:00 AM,Scheduled,Arrival,Domestic,1807
05/01/2014 12:00:00 AM,06/01/2011 12:00:00 AM,Scheduled,Arrival,International,30
05/01/2014 12:00:00 AM,06/01/2011 12:00:00 AM,Scheduled,Departure,Domestic,1812
05/01/2014 12:00:00 AM,06/01/2011 12:00:00 AM,Scheduled,Departure,International,30
05/01/2014 12:00:00 AM,07/01/2011 12:00:00 AM,Charter,Arrival,Domestic,1
05/01/2014 12:00:00 AM,07/01/2011 12:00:00 AM,Charter,Departure,Domestic,1
05/01/2014 12:00:00 AM,07/01/2011 12:00:00 AM,Commuter,Arrival,Domestic,254
05/01/2014 12:00:00 AM,07/01/2011 12:00:00 AM,Commuter,Departure,Domestic,254
05/01/2014 12:00:00 AM,07/01/2011 12:00:00 AM,Scheduled,Arrival,Domestic,1883
05/01/2014 12:00:00 AM,07/01/2011 12:00:00 AM,Scheduled,Arrival,International,30
05/01/2014 12:00:00 AM,07/01/2011 12:00:00 AM,Scheduled,Departure,Domestic,1881
05/01/2014 12:00:00 AM,07/01/2011 12:00:00 AM,Scheduled,Departure,International,31
05/01/2014 12:00:00 AM,08/01/2011 12:00:00 AM,Charter,Arrival,Domestic,8
05/01/2014 12:00:00 AM,08/01/2011 12:00:00 AM,Charter,Departure,Domestic,8
05/01/2014 12:00:00 AM,08/01/2011 12:00:00 AM,Commuter,Arrival,Domestic,267
05/01/2014 12:00:00 AM,08/01/2011 12:00:00 AM,Commuter,Departure,Domestic,267
05/01/2014 12:00:00 AM,08/01/2011 12:00:00 AM,Scheduled,Arrival,Domestic,1853
05/01/2014 12:00:00 AM,08/01/2011 12:00:00 AM,Scheduled,Arrival,International,30
05/01/2014 12:00:00 AM,08/01/2011 12:00:00 AM,Scheduled,Departure,Domestic,1851
05/01/2014 12:00:00 AM,08/01/2011 12:00:00 AM,Scheduled,Departure,International,29
05/01/2014 12:00:00 AM,09/01/2011 12:00:00 AM,Charter,Arrival,Domestic,2
05/01/2014 12:00:00 AM,09/01/2011 12:00:00 AM,Charter,Arrival,International,1
05/01/2014 12:00:00 AM,09/01/2011 12:00:00 AM,Charter,Departure,Domestic,2
05/01/2014 12:00:00 AM,09/01/2011 12:00:00 AM,Commuter,Arrival,Domestic,140
05/01/2014 12:00:00 AM,09/01/2011 12:00:00 AM,Commuter,Departure,Domestic,140
05/01/2014 12:00:00 AM,09/01/2011 12:00:00 AM,Scheduled,Arrival,Domestic,1684
05/01/2014 12:00:00 AM,09/01/2011 12:00:00 AM,Scheduled,Arrival,International,29
05/01/2014 12:00:00 AM,09/01/2011 12:00:00 AM,Scheduled,Departure,Domestic,1679
05/01/2014 12:00:00 AM,09/01/2011 12:00:00 AM,Scheduled,Departure,International,29
05/01/2014 12:00:00 AM,10/01/2011 12:00:00 AM,Charter,Arrival,Domestic,8
05/01/2014 12:00:00 AM,10/01/2011 12:00:00 AM,Charter,Departure,Domestic,6
05/01/2014 12:00:00 AM,10/01/2011 12:00:00 AM,Commuter,Arrival,Domestic,155
05/01/2014 12:00:00 AM,10/01/2011 12:00:00 AM,Commuter,Departure,Domestic,155
05/01/2014 12:00:00 AM,10/01/2011 12:00:00 AM,Scheduled,Arrival,Domestic,1830
05/01/2014 12:00:00 AM,10/01/2011 12:00:00 AM,Scheduled,Arrival,International,31
05/01/2014 12:00:00 AM,10/01/2011 12:00:00 AM,Scheduled,Departure,Domestic,1829
05/01/2014 12:00:00 AM,10/01/2011 12:00:00 AM,Scheduled,Departure,International,31
05/01/2014 12:00:00 AM,11/01/2011 12:00:00 AM,Charter,Arrival,Domestic,5
05/01/2014 12:00:00 AM,11/01/2011 12:00:00 AM,Charter,Arrival,International,1
05/01/2014 12:00:00 AM,11/01/2011 12:00:00 AM,Charter,Departure,Domestic,6
05/01/2014 12:00:00 AM,11/01/2011 12:00:00 AM,Charter,Departure,International,1
05/01/2014 12:00:00 AM,11/01/2011 12:00:00 AM,Commuter,Arrival,Domestic,144
05/01/2014 12:00:00 AM,11/01/2011 12:00:00 AM,Commuter,Departure,Domestic,144
05/01/2014 12:00:00 AM,11/01/2011 12:00:00 AM,Scheduled,Arrival,Domestic,1777
05/01/2014 12:00:00 AM,11/01/2011 12:00:00 AM,Scheduled,Arrival,International,30
05/01/2014 12:00:00 AM,11/01/2011 12:00:00 AM,Scheduled,Departure,Domestic,1777
05/01/2014 12:00:00 AM,11/01/2011 12:00:00 AM,Scheduled,Departure,International,30
05/01/2014 12:00:00 AM,12/01/2011 12:00:00 AM,Charter,Arrival,Domestic,6
05/01/2014 12:00:00 AM,12/01/2011 12:00:00 AM,Charter,Departure,Domestic,6
05/01/2014 12:00:00 AM,12/01/2011 12:00:00 AM,Commuter,Arrival,Domestic,126
05/01/2014 12:00:00 AM,12/01/2011 12:00:00 AM,Commuter,Departure,Domestic,126
05/01/2014 12:00:00 AM,12/01/2011 12:00:00 AM,Scheduled,Arrival,Domestic,1871
05/01/2014 12:00:00 AM,12/01/2011 12:00:00 AM,Scheduled,Arrival,International,31
05/01/2014 12:00:00 AM,12/01/2011 12:00:00 AM,Scheduled,Departure,Domestic,1865
05/01/2014 12:00:00 AM,12/01/2011 12:00:00 AM,Scheduled,Departure,International,31
05/01/2014 12:00:00 AM,01/01/2012 12:00:00 AM,Charter,Arrival,Domestic,5
05/01/2014 12:00:00 AM,01/01/2012 12:00:00 AM,Charter,Departure,Domestic,2
05/01/2014 12:00:00 AM,01/01/2012 12:00:00 AM,Commuter,Arrival,Domestic,122
05/01/2014 12:00:00 AM,01/01/2012 12:00:00 AM,Commuter,Departure,Domestic,122
05/01/2014 12:00:00 AM,01/01/2012 12:00:00 AM,Scheduled,Arrival,Domestic,1790
05/01/2014 12:00:00 AM,01/01/2012 12:00:00 AM,Scheduled,Arrival,International,20
05/01/2014 12:00:00 AM,01/01/2012 12:00:00 AM,Scheduled,Departure,Domestic,1791
05/01/2014 12:00:00 AM,01/01/2012 12:00:00 AM,Scheduled,Departure,International,21
05/01/2014 12:00:00 AM,02/01/2012 12:00:00 AM,Charter,Arrival,Domestic,8
05/01/2014 12:00:00 AM,02/01/2012 12:00:00 AM,Charter,Arrival,International,1
05/01/2014 12:00:00 AM,02/01/2012 12:00:00 AM,Charter,Departure,Domestic,9
05/01/2014 12:00:00 AM,02/01/2012 12:00:00 AM,Commuter,Arrival,Domestic,115
05/01/2014 12:00:00 AM,02/01/2012 12:00:00 AM,Commuter,Departure,Domestic,115
05/01/2014 12:00:00 AM,02/01/2012 12:00:00 AM,Scheduled,Arrival,Domestic,1643
05/01/2014 12:00:00 AM,02/01/2012 12:00:00 AM,Scheduled,Arrival,International,16
05/01/2014 12:00:00 AM,02/01/2012 12:00:00 AM,Scheduled,Departure,Domestic,1637
05/01/2014 12:00:00 AM,02/01/2012 12:00:00 AM,Scheduled,Departure,International,16
05/01/2014 12:00:00 AM,03/01/2012 12:00:00 AM,Charter,Arrival,Domestic,5
05/01/2014 12:00:00 AM,03/01/2012 12:00:00 AM,Charter,Arrival,International,2
05/01/2014 12:00:00 AM,03/01/2012 12:00:00 AM,Charter,Departure,Domestic,5
05/01/2014 12:00:00 AM,03/01/2012 12:00:00 AM,Charter,Departure,International,2
05/01/2014 12:00:00 AM,03/01/2012 12:00:00 AM,Commuter,Arrival,Domestic,117
05/01/2014 12:00:00 AM,03/01/2012 12:00:00 AM,Commuter,Departure,Domestic,117
05/01/2014 12:00:00 AM,03/01/2012 12:00:00 AM,Scheduled,Arrival,Domestic,1818
05/01/2014 12:00:00 AM,03/01/2012 12:00:00 AM,Scheduled,Arrival,International,18
05/01/2014 12:00:00 AM,03/01/2012 12:00:00 AM,Scheduled,Departure,Domestic,1819
05/01/2014 12:00:00 AM,03/01/2012 12:00:00 AM,Scheduled,Departure,International,18
05/01/2014 12:00:00 AM,04/01/2012 12:00:00 AM,Charter,Arrival,Domestic,7
05/01/2014 12:00:00 AM,04/01/2012 12:00:00 AM,Charter,Departure,Domestic,7
05/01/2014 12:00:00 AM,04/01/2012 12:00:00 AM,Commuter,Arrival,Domestic,117
05/01/2014 12:00:00 AM,04/01/2012 12:00:00 AM,Commuter,Departure,Domestic,117
05/01/2014 12:00:00 AM,04/01/2012 12:00:00 AM,Scheduled,Arrival,Domestic,1739
05/01/2014 12:00:00 AM,04/01/2012 12:00:00 AM,Scheduled,Arrival,International,24
05/01/2014 12:00:00 AM,04/01/2012 12:00:00 AM,Scheduled,Departure,Domestic,1739
05/01/2014 12:00:00 AM,04/01/2012 12:00:00 AM,Scheduled,Departure,International,24
05/01/2014 12:00:00 AM,05/01/2012 12:00:00 AM,Charter,Arrival,Domestic,5
05/01/2014 12:00:00 AM,05/01/2012 12:00:00 AM,Charter,Departure,Domestic,3
05/01/2014 12:00:00 AM,05/01/2012 12:00:00 AM,Commuter,Arrival,Domestic,121
05/01/2014 12:00:00 AM,05/01/2012 12:00:00 AM,Commuter,Departure,Domestic,121
05/01/2014 12:00:00 AM,05/01/2012 12:00:00 AM,Scheduled,Arrival,Domestic,1802
05/01/2014 12:00:00 AM,05/01/2012 12:00:00 AM,Scheduled,Arrival,International,16
05/01/2014 12:00:00 AM,05/01/2012 12:00:00 AM,Scheduled,Departure,Domestic,1802
05/01/2014 12:00:00 AM,05/01/2012 12:00:00 AM,Scheduled,Departure,International,16
05/01/2014 12:00:00 AM,06/01/2012 12:00:00 AM,Charter,Arrival,Domestic,30
05/01/2014 12:00:00 AM,06/01/2012 12:00:00 AM,Charter,Departure,Domestic,25
05/01/2014 12:00:00 AM,06/01/2012 12:00:00 AM,Commuter,Arrival,Domestic,114
05/01/2014 12:00:00 AM,06/01/2012 12:00:00 AM,Commuter,Departure,Domestic,114
05/01/2014 12:00:00 AM,06/01/2012 12:00:00 AM,Scheduled,Arrival,Domestic,1761
05/01/2014 12:00:00 AM,06/01/2012 12:00:00 AM,Scheduled,Arrival,International,24
05/01/2014 12:00:00 AM,06/01/2012 12:00:00 AM,Scheduled,Departure,Domestic,1761
05/01/2014 12:00:00 AM,06/01/2012 12:00:00 AM,Scheduled,Departure,International,24
05/01/2014 12:00:00 AM,07/01/2012 12:00:00 AM,Charter,Arrival,Domestic,3
05/01/2014 12:00:00 AM,07/01/2012 12:00:00 AM,Charter,Departure,Domestic,9
05/01/2014 12:00:00 AM,07/01/2012 12:00:00 AM,Commuter,Arrival,Domestic,124
05/01/2014 12:00:00 AM,07/01/2012 12:00:00 AM,Commuter,Departure,Domestic,124
05/01/2014 12:00:00 AM,07/01/2012 12:00:00 AM,Scheduled,Arrival,Domestic,1854
05/01/2014 12:00:00 AM,07/01/2012 12:00:00 AM,Scheduled,Arrival,International,31
05/01/2014 12:00:00 AM,07/01/2012 12:00:00 AM,Scheduled,Departure,Domestic,1855
05/01/2014 12:00:00 AM,07/01/2012 12:00:00 AM,Scheduled,Departure,International,31
05/01/2014 12:00:00 AM,08/01/2012 12:00:00 AM,Charter,Arrival,Domestic,11
05/01/2014 12:00:00 AM,08/01/2012 12:00:00 AM,Charter,Departure,Domestic,11
05/01/2014 12:00:00 AM,08/01/2012 12:00:00 AM,Commuter,Arrival,Domestic,122
05/01/2014 12:00:00 AM,08/01/2012 12:00:00 AM,Commuter,Departure,Domestic,122
05/01/2014 12:00:00 AM,08/01/2012 12:00:00 AM,Scheduled,Arrival,Domestic,1819
05/01/2014 12:00:00 AM,08/01/2012 12:00:00 AM,Scheduled,Arrival,International,26
05/01/2014 12:00:00 AM,08/01/2012 12:00:00 AM,Scheduled,Departure,Domestic,1816
05/01/2014 12:00:00 AM,08/01/2012 12:00:00 AM,Scheduled,Departure,International,26
05/01/2014 12:00:00 AM,09/01/2012 12:00:00 AM,Charter,Arrival,Domestic,5
05/01/2014 12:00:00 AM,09/01/2012 12:00:00 AM,Charter,Departure,Domestic,4
05/01/2014 12:00:00 AM,09/01/2012 12:00:00 AM,Commuter,Arrival,Domestic,124
05/01/2014 12:00:00 AM,09/01/2012 12:00:00 AM,Commuter,Departure,Domestic,124
05/01/2014 12:00:00 AM,09/01/2012 12:00:00 AM,Scheduled,Arrival,Domestic,1638
05/01/2014 12:00:00 AM,09/01/2012 12:00:00 AM,Scheduled,Arrival,International,18
05/01/2014 12:00:00 AM,09/01/2012 12:00:00 AM,Scheduled,Departure,Domestic,1638
05/01/2014 12:00:00 AM,09/01/2012 12:00:00 AM,Scheduled,Departure,International,18
05/01/2014 12:00:00 AM,10/01/2012 12:00:00 AM,Charter,Arrival,Domestic,10
05/01/2014 12:00:00 AM,10/01/2012 12:00:00 AM,Charter,Departure,Domestic,10
05/01/2014 12:00:00 AM,10/01/2012 12:00:00 AM,Commuter,Arrival,Domestic,126
05/01/2014 12:00:00 AM,10/01/2012 12:00:00 AM,Commuter,Departure,Domestic,126
05/01/2014 12:00:00 AM,10/01/2012 12:00:00 AM,Scheduled,Arrival,Domestic,1714
05/01/2014 12:00:00 AM,10/01/2012 12:00:00 AM,Scheduled,Arrival,International,18
05/01/2014 12:00:00 AM,10/01/2012 12:00:00 AM,Scheduled,Departure,Domestic,1710
05/01/2014 12:00:00 AM,10/01/2012 12:00:00 AM,Scheduled,Departure,International,18
05/01/2014 12:00:00 AM,11/01/2012 12:00:00 AM,Charter,Arrival,Domestic,5
05/01/2014 12:00:00 AM,11/01/2012 12:00:00 AM,Charter,Departure,Domestic,7
05/01/2014 12:00:00 AM,11/01/2012 12:00:00 AM,Commuter,Arrival,Domestic,140
05/01/2014 12:00:00 AM,11/01/2012 12:00:00 AM,Commuter,Departure,Domestic,140
05/01/2014 12:00:00 AM,11/01/2012 12:00:00 AM,Scheduled,Arrival,Domestic,1615
05/01/2014 12:00:00 AM,11/01/2012 12:00:00 AM,Scheduled,Arrival,International,18
05/01/2014 12:00:00 AM,11/01/2012 12:00:00 AM,Scheduled,Departure,Domestic,1614
05/01/2014 12:00:00 AM,11/01/2012 12:00:00 AM,Scheduled,Departure,International,17
05/01/2014 12:00:00 AM,12/01/2012 12:00:00 AM,Charter,Arrival,Domestic,3
05/01/2014 12:00:00 AM,12/01/2012 12:00:00 AM,Charter,Departure,Domestic,4
05/01/2014 12:00:00 AM,12/01/2012 12:00:00 AM,Commuter,Arrival,Domestic,151
05/01/2014 12:00:00 AM,12/01/2012 12:00:00 AM,Commuter,Departure,Domestic,151
05/01/2014 12:00:00 AM,12/01/2012 12:00:00 AM,Scheduled,Arrival,Domestic,1630
05/01/2014 12:00:00 AM,12/01/2012 12:00:00 AM,Scheduled,Arrival,International,28
05/01/2014 12:00:00 AM,12/01/2012 12:00:00 AM,Scheduled,Departure,Domestic,1630
05/01/2014 12:00:00 AM,12/01/2012 12:00:00 AM,Scheduled,Departure,International,28
05/01/2014 12:00:00 AM,01/01/2013 12:00:00 AM,Charter,Arrival,Domestic,2
05/01/2014 12:00:00 AM,01/01/2013 12:00:00 AM,Charter,Departure,Domestic,3
05/01/2014 12:00:00 AM,01/01/2013 12:00:00 AM,Commuter,Arrival,Domestic,141
05/01/2014 12:00:00 AM,01/01/2013 12:00:00 AM,Commuter,Departure,Domestic,141
05/01/2014 12:00:00 AM,01/01/2013 12:00:00 AM,Scheduled,Arrival,Domestic,1624
05/01/2014 12:00:00 AM,01/01/2013 12:00:00 AM,Scheduled,Arrival,International,19
05/01/2014 12:00:00 AM,01/01/2013 12:00:00 AM,Scheduled,Departure,Domestic,1622
05/01/2014 12:00:00 AM,01/01/2013 12:00:00 AM,Scheduled,Departure,International,19
05/01/2014 12:00:00 AM,02/01/2013 12:00:00 AM,Charter,Arrival,Domestic,6
05/01/2014 12:00:00 AM,02/01/2013 12:00:00 AM,Charter,Departure,Domestic,6
05/01/2014 12:00:00 AM,02/01/2013 12:00:00 AM,Commuter,Arrival,Domestic,138
05/01/2014 12:00:00 AM,02/01/2013 12:00:00 AM,Commuter,Departure,Domestic,138
05/01/2014 12:00:00 AM,02/01/2013 12:00:00 AM,Scheduled,Arrival,Domestic,1508
05/01/2014 12:00:00 AM,02/01/2013 12:00:00 AM,Scheduled,Arrival,International,16
05/01/2014 12:00:00 AM,02/01/2013 12:00:00 AM,Scheduled,Departure,Domestic,1507
05/01/2014 12:00:00 AM,02/01/2013 12:00:00 AM,Scheduled,Departure,International,16
05/01/2014 12:00:00 AM,03/01/2013 12:00:00 AM,Charter,Arrival,Domestic,5
05/01/2014 12:00:00 AM,03/01/2013 12:00:00 AM,Charter,Arrival,International,1
05/01/2014 12:00:00 AM,03/01/2013 12:00:00 AM,Charter,Departure,Domestic,6
05/01/2014 12:00:00 AM,03/01/2013 12:00:00 AM,Commuter,Arrival,Domestic,185
05/01/2014 12:00:00 AM,03/01/2013 12:00:00 AM,Commuter,Departure,Domestic,185
05/01/2014 12:00:00 AM,03/01/2013 12:00:00 AM,Scheduled,Arrival,Domestic,1671
05/01/2014 12:00:00 AM,03/01/2013 12:00:00 AM,Scheduled,Arrival,International,22
05/01/2014 12:00:00 AM,03/01/2013 12:00:00 AM,Scheduled,Departure,Domestic,1670
05/01/2014 12:00:00 AM,03/01/2013 12:00:00 AM,Scheduled,Departure,International,22
05/01/2014 12:00:00 AM,04/01/2013 12:00:00 AM,Charter,Arrival,Domestic,21
05/01/2014 12:00:00 AM,04/01/2013 12:00:00 AM,Charter,Arrival,International,1
05/01/2014 12:00:00 AM,04/01/2013 12:00:00 AM,Charter,Departure,Domestic,22
05/01/2014 12:00:00 AM,04/01/2013 12:00:00 AM,Commuter,Arrival,Domestic,179
05/01/2014 12:00:00 AM,04/01/2013 12:00:00 AM,Commuter,Departure,Domestic,179
05/01/2014 12:00:00 AM,04/01/2013 12:00:00 AM,Scheduled,Arrival,Domestic,1571
05/01/2014 12:00:00 AM,04/01/2013 12:00:00 AM,Scheduled,Arrival,International,19
05/01/2014 12:00:00 AM,04/01/2013 12:00:00 AM,Scheduled,Departure,Domestic,1570
05/01/2014 12:00:00 AM,04/01/2013 12:00:00 AM,Scheduled,Departure,International,20
05/01/2014 12:00:00 AM,05/01/2013 12:00:00 AM,Charter,Arrival,Domestic,12
05/01/2014 12:00:00 AM,05/01/2013 12:00:00 AM,Charter,Departure,Domestic,10
05/01/2014 12:00:00 AM,05/01/2013 12:00:00 AM,Commuter,Arrival,Domestic,181
05/01/2014 12:00:00 AM,05/01/2013 12:00:00 AM,Commuter,Departure,Domestic,181
05/01/2014 12:00:00 AM,05/01/2013 12:00:00 AM,Scheduled,Arrival,Domestic,1605
05/01/2014 12:00:00 AM,05/01/2013 12:00:00 AM,Scheduled,Arrival,International,18
05/01/2014 12:00:00 AM,05/01/2013 12:00:00 AM,Scheduled,Departure,Domestic,1603
05/01/2014 12:00:00 AM,05/01/2013 12:00:00 AM,Scheduled,Departure,International,17
05/01/2014 12:00:00 AM,06/01/2013 12:00:00 AM,Charter,Arrival,Domestic,23
05/01/2014 12:00:00 AM,06/01/2013 12:00:00 AM,Charter,Departure,Domestic,24
05/01/2014 12:00:00 AM,06/01/2013 12:00:00 AM,Commuter,Arrival,Domestic,190
05/01/2014 12:00:00 AM,06/01/2013 12:00:00 AM,Commuter,Departure,Domestic,190
05/01/2014 12:00:00 AM,06/01/2013 12:00:00 AM,Scheduled,Arrival,Domestic,1627
05/01/2014 12:00:00 AM,06/01/2013 12:00:00 AM,Scheduled,Arrival,International,17
05/01/2014 12:00:00 AM,06/01/2013 12:00:00 AM,Scheduled,Departure,Domestic,1624
05/01/2014 12:00:00 AM,06/01/2013 12:00:00 AM,Scheduled,Departure,International,17
05/01/2014 12:00:00 AM,07/01/2013 12:00:00 AM,Charter,Arrival,Domestic,12
05/01/2014 12:00:00 AM,07/01/2013 12:00:00 AM,Charter,Arrival,International,2
05/01/2014 12:00:00 AM,07/01/2013 12:00:00 AM,Charter,Departure,Domestic,6
05/01/2014 12:00:00 AM,07/01/2013 12:00:00 AM,Charter,Departure,International,1
05/01/2014 12:00:00 AM,07/01/2013 12:00:00 AM,Commuter,Arrival,Domestic,193
05/01/2014 12:00:00 AM,07/01/2013 12:00:00 AM,Commuter,Departure,Domestic,193
05/01/2014 12:00:00 AM,07/01/2013 12:00:00 AM,Scheduled,Arrival,Domestic,1666
05/01/2014 12:00:00 AM,07/01/2013 12:00:00 AM,Scheduled,Arrival,International,21
05/01/2014 12:00:00 AM,07/01/2013 12:00:00 AM,Scheduled,Departure,Domestic,1671
05/01/2014 12:00:00 AM,07/01/2013 12:00:00 AM,Scheduled,Departure,International,22
05/01/2014 12:00:00 AM,08/01/2013 12:00:00 AM,Charter,Arrival,Domestic,4
05/01/2014 12:00:00 AM,08/01/2013 12:00:00 AM,Charter,Departure,Domestic,5
05/01/2014 12:00:00 AM,08/01/2013 12:00:00 AM,Commuter,Arrival,Domestic,192
05/01/2014 12:00:00 AM,08/01/2013 12:00:00 AM,Commuter,Departure,Domestic,192
05/01/2014 12:00:00 AM,08/01/2013 12:00:00 AM,Scheduled,Arrival,Domestic,1632
05/01/2014 12:00:00 AM,08/01/2013 12:00:00 AM,Scheduled,Arrival,International,21
05/01/2014 12:00:00 AM,08/01/2013 12:00:00 AM,Scheduled,Departure,Domestic,1629
05/01/2014 12:00:00 AM,08/01/2013 12:00:00 AM,Scheduled,Departure,International,21
05/01/2014 12:00:00 AM,09/01/2013 12:00:00 AM,Commuter,Arrival,Domestic,181
05/01/2014 12:00:00 AM,09/01/2013 12:00:00 AM,Commuter,Departure,Domestic,181
05/01/2014 12:00:00 AM,09/01/2013 12:00:00 AM,Scheduled,Arrival,Domestic,1520
05/01/2014 12:00:00 AM,09/01/2013 12:00:00 AM,Scheduled,Arrival,International,18
05/01/2014 12:00:00 AM,09/01/2013 12:00:00 AM,Scheduled,Departure,Domestic,1517
05/01/2014 12:00:00 AM,09/01/2013 12:00:00 AM,Scheduled,Departure,International,18
05/01/2014 12:00:00 AM,10/01/2013 12:00:00 AM,Charter,Arrival,Domestic,6
05/01/2014 12:00:00 AM,10/01/2013 12:00:00 AM,Charter,Arrival,International,1
05/01/2014 12:00:00 AM,10/01/2013 12:00:00 AM,Charter,Departure,Domestic,5
05/01/2014 12:00:00 AM,10/01/2013 12:00:00 AM,Commuter,Arrival,Domestic,244
05/01/2014 12:00:00 AM,10/01/2013 12:00:00 AM,Commuter,Departure,Domestic,261
05/01/2014 12:00:00 AM,10/01/2013 12:00:00 AM,Scheduled,Arrival,Domestic,1564
05/01/2014 12:00:00 AM,10/01/2013 12:00:00 AM,Scheduled,Arrival,International,31
05/01/2014 12:00:00 AM,10/01/2013 12:00:00 AM,Scheduled,Departure,Domestic,1564
05/01/2014 12:00:00 AM,10/01/2013 12:00:00 AM,Scheduled,Departure,International,31
05/01/2014 12:00:00 AM,11/01/2013 12:00:00 AM,Charter,Arrival,Domestic,1
05/01/2014 12:00:00 AM,11/01/2013 12:00:00 AM,Charter,Arrival,International,1
05/01/2014 12:00:00 AM,11/01/2013 12:00:00 AM,Charter,Departure,Domestic,2
05/01/2014 12:00:00 AM,11/01/2013 12:00:00 AM,Commuter,Arrival,Domestic,180
05/01/2014 12:00:00 AM,11/01/2013 12:00:00 AM,Commuter,Departure,Domestic,180
05/01/2014 12:00:00 AM,11/01/2013 12:00:00 AM,Scheduled,Arrival,Domestic,1490
05/01/2014 12:00:00 AM,11/01/2013 12:00:00 AM,Scheduled,Arrival,International,25
05/01/2014 12:00:00 AM,11/01/2013 12:00:00 AM,Scheduled,Departure,Domestic,1483
05/01/2014 12:00:00 AM,11/01/2013 12:00:00 AM,Scheduled,Departure,International,25
05/01/2014 12:00:00 AM,12/01/2013 12:00:00 AM,Charter,Arrival,Domestic,46
05/01/2014 12:00:00 AM,12/01/2013 12:00:00 AM,Charter,Departure,Domestic,2
05/01/2014 12:00:00 AM,12/01/2013 12:00:00 AM,Commuter,Arrival,Domestic,203
05/01/2014 12:00:00 AM,12/01/2013 12:00:00 AM,Commuter,Departure,Domestic,203
05/01/2014 12:00:00 AM,12/01/2013 12:00:00 AM,Scheduled,Arrival,Domestic,1460
05/01/2014 12:00:00 AM,12/01/2013 12:00:00 AM,Scheduled,Arrival,International,26
05/01/2014 12:00:00 AM,12/01/2013 12:00:00 AM,Scheduled,Departure,Domestic,1506
05/01/2014 12:00:00 AM,12/01/2013 12:00:00 AM,Scheduled,Departure,International,27
05/01/2014 12:00:00 AM,01/01/2014 12:00:00 AM,Charter,Arrival,Domestic,2
05/01/2014 12:00:00 AM,01/01/2014 12:00:00 AM,Charter,Arrival,International,1
05/01/2014 12:00:00 AM,01/01/2014 12:00:00 AM,Charter,Departure,Domestic,3
05/01/2014 12:00:00 AM,01/01/2014 12:00:00 AM,Commuter,Arrival,Domestic,262
05/01/2014 12:00:00 AM,01/01/2014 12:00:00 AM,Commuter,Departure,Domestic,262
05/01/2014 12:00:00 AM,01/01/2014 12:00:00 AM,Scheduled,Arrival,Domestic,1454
05/01/2014 12:00:00 AM,01/01/2014 12:00:00 AM,Scheduled,Arrival,International,25
05/01/2014 12:00:00 AM,01/01/2014 12:00:00 AM,Scheduled,Departure,Domestic,1447
05/01/2014 12:00:00 AM,01/01/2014 12:00:00 AM,Scheduled,Departure,International,24
05/01/2014 12:00:00 AM,02/01/2014 12:00:00 AM,Charter,Arrival,Domestic,269
05/01/2014 12:00:00 AM,02/01/2014 12:00:00 AM,Charter,Departure,Domestic,173
05/01/2014 12:00:00 AM,02/01/2014 12:00:00 AM,Commuter,Arrival,Domestic,222
05/01/2014 12:00:00 AM,02/01/2014 12:00:00 AM,Commuter,Departure,Domestic,222
05/01/2014 12:00:00 AM,02/01/2014 12:00:00 AM,Scheduled,Arrival,Domestic,1297
05/01/2014 12:00:00 AM,02/01/2014 12:00:00 AM,Scheduled,Arrival,International,20
05/01/2014 12:00:00 AM,02/01/2014 12:00:00 AM,Scheduled,Departure,Domestic,1292
05/01/2014 12:00:00 AM,02/01/2014 12:00:00 AM,Scheduled,Departure,International,20
05/01/2014 12:00:00 AM,03/01/2014 12:00:00 AM,Charter,Arrival,Domestic,6
05/01/2014 12:00:00 AM,03/01/2014 12:00:00 AM,Charter,Departure,Domestic,5
05/01/2014 12:00:00 AM,03/01/2014 12:00:00 AM,Commuter,Arrival,Domestic,279
05/01/2014 12:00:00 AM,03/01/2014 12:00:00 AM,Commuter,Departure,Domestic,279
05/01/2014 12:00:00 AM,03/01/2014 12:00:00 AM,Scheduled,Arrival,Domestic,1495
05/01/2014 12:00:00 AM,03/01/2014 12:00:00 AM,Scheduled,Arrival,International,22
05/01/2014 12:00:00 AM,03/01/2014 12:00:00 AM,Scheduled,Departure,Domestic,1494
05/01/2014 12:00:00 AM,03/01/2014 12:00:00 AM,Scheduled,Departure,International,23
07/18/2014 12:00:00 AM,04/01/2014 12:00:00 AM,Charter,Arrival,Domestic,5
07/18/2014 12:00:00 AM,04/01/2014 12:00:00 AM,Charter,Departure,Domestic,3
07/18/2014 12:00:00 AM,04/01/2014 12:00:00 AM,Commuter,Arrival,Domestic,265
07/18/2014 12:00:00 AM,04/01/2014 12:00:00 AM,Commuter,Departure,Domestic,265
07/18/2014 12:00:00 AM,04/01/2014 12:00:00 AM,Scheduled,Arrival,Domestic,1460
07/18/2014 12:00:00 AM,04/01/2014 12:00:00 AM,Scheduled,Arrival,International,21
07/18/2014 12:00:00 AM,04/01/2014 12:00:00 AM,Scheduled,Departure,Domestic,1455
07/18/2014 12:00:00 AM,04/01/2014 12:00:00 AM,Scheduled,Departure,International,21
07/18/2014 12:00:00 AM,05/01/2014 12:00:00 AM,Charter,Arrival,Domestic,0
07/18/2014 12:00:00 AM,05/01/2014 12:00:00 AM,Charter,Departure,Domestic,2
07/18/2014 12:00:00 AM,05/01/2014 12:00:00 AM,Commuter,Arrival,Domestic,274
07/18/2014 12:00:00 AM,05/01/2014 12:00:00 AM,Commuter,Departure,Domestic,274
07/18/2014 12:00:00 AM,05/01/2014 12:00:00 AM,Scheduled,Arrival,Domestic,1482
07/18/2014 12:00:00 AM,05/01/2014 12:00:00 AM,Scheduled,Arrival,International,23
07/18/2014 12:00:00 AM,05/01/2014 12:00:00 AM,Scheduled,Departure,Domestic,1482
07/18/2014 12:00:00 AM,05/01/2014 12:00:00 AM,Scheduled,Departure,International,22
08/15/2014 09:39:18 AM,06/01/2014 12:00:00 AM,Charter,Arrival,Domestic,11
08/15/2014 09:39:18 AM,06/01/2014 12:00:00 AM,Charter,Departure,Domestic,13
08/15/2014 09:39:18 AM,06/01/2014 12:00:00 AM,Commuter,Arrival,Domestic,266
08/15/2014 09:39:18 AM,06/01/2014 12:00:00 AM,Commuter,Departure,Domestic,266
08/15/2014 09:39:18 AM,06/01/2014 12:00:00 AM,Scheduled,Arrival,Domestic,1494
08/15/2014 09:39:18 AM,06/01/2014 12:00:00 AM,Scheduled,Arrival,International,29
08/15/2014 09:39:18 AM,06/01/2014 12:00:00 AM,Scheduled,Departure,Domestic,1495
08/15/2014 09:39:18 AM,06/01/2014 12:00:00 AM,Scheduled,Departure,International,30
09/15/2014 07:00:09 AM,07/01/2014 12:00:00 AM,Charter,Departure,Domestic,0
09/15/2014 07:00:09 AM,07/01/2014 12:00:00 AM,Commuter,Arrival,Domestic,272
09/15/2014 07:00:09 AM,07/01/2014 12:00:00 AM,Commuter,Departure,Domestic,272
09/15/2014 07:00:09 AM,07/01/2014 12:00:00 AM,Scheduled,Arrival,Domestic,1539
09/15/2014 07:00:09 AM,07/01/2014 12:00:00 AM,Scheduled,Arrival,International,31
09/15/2014 07:00:09 AM,07/01/2014 12:00:00 AM,Scheduled,Departure,Domestic,1540
09/15/2014 07:00:09 AM,07/01/2014 12:00:00 AM,Scheduled,Departure,International,31
10/15/2014 08:00:09 AM,08/01/2014 12:00:00 AM,Charter,Arrival,Domestic,2
10/15/2014 08:00:09 AM,08/01/2014 12:00:00 AM,Charter,Departure,Domestic,4
10/15/2014 08:00:09 AM,08/01/2014 12:00:00 AM,Commuter,Arrival,Domestic,269
10/15/2014 08:00:09 AM,08/01/2014 12:00:00 AM,Commuter,Departure,Domestic,269
10/15/2014 08:00:09 AM,08/01/2014 12:00:00 AM,Scheduled,Arrival,Domestic,1506
10/15/2014 08:00:09 AM,08/01/2014 12:00:00 AM,Scheduled,Arrival,International,31
10/15/2014 08:00:09 AM,08/01/2014 12:00:00 AM,Scheduled,Departure,Domestic,1504
10/15/2014 08:00:09 AM,08/01/2014 12:00:00 AM,Scheduled,Departure,International,31
11/15/2014 08:00:12 AM,09/01/2014 12:00:00 AM,Charter,Arrival,Domestic,6
11/15/2014 08:00:12 AM,09/01/2014 12:00:00 AM,Charter,Departure,Domestic,5
11/15/2014 08:00:12 AM,09/01/2014 12:00:00 AM,Commuter,Arrival,Domestic,269
11/15/2014 08:00:12 AM,09/01/2014 12:00:00 AM,Commuter,Departure,Domestic,269
11/15/2014 08:00:12 AM,09/01/2014 12:00:00 AM,Scheduled,Arrival,Domestic,1439
11/15/2014 08:00:12 AM,09/01/2014 12:00:00 AM,Scheduled,Arrival,International,29
11/15/2014 08:00:12 AM,09/01/2014 12:00:00 AM,Scheduled,Departure,Domestic,1437
11/15/2014 08:00:12 AM,09/01/2014 12:00:00 AM,Scheduled,Departure,International,30
12/15/2014 08:00:10 AM,10/01/2014 12:00:00 AM,Charter,Arrival,Domestic,8
12/15/2014 08:00:10 AM,10/01/2014 12:00:00 AM,Charter,Departure,Domestic,4
12/15/2014 08:00:10 AM,10/01/2014 12:00:00 AM,Commuter,Arrival,Domestic,292
12/15/2014 08:00:10 AM,10/01/2014 12:00:00 AM,Commuter,Departure,Domestic,292
12/15/2014 08:00:10 AM,10/01/2014 12:00:00 AM,Scheduled,Arrival,Domestic,1498
12/15/2014 08:00:10 AM,10/01/2014 12:00:00 AM,Scheduled,Arrival,International,31
12/15/2014 08:00:10 AM,10/01/2014 12:00:00 AM,Scheduled,Departure,Domestic,1498
12/15/2014 08:00:10 AM,10/01/2014 12:00:00 AM,Scheduled,Departure,International,29
01/15/2015 08:00:16 AM,11/01/2014 12:00:00 AM,Charter,Arrival,Domestic,6
01/15/2015 08:00:16 AM,11/01/2014 12:00:00 AM,Charter,Arrival,International,1
01/15/2015 08:00:16 AM,11/01/2014 12:00:00 AM,Charter,Departure,Domestic,6
01/15/2015 08:00:16 AM,11/01/2014 12:00:00 AM,Charter,Departure,International,1
01/15/2015 08:00:16 AM,11/01/2014 12:00:00 AM,Commuter,Arrival,Domestic,269
01/15/2015 08:00:16 AM,11/01/2014 12:00:00 AM,Commuter,Departure,Domestic,269
01/15/2015 08:00:16 AM,11/01/2014 12:00:00 AM,Scheduled,Arrival,Domestic,1399
01/15/2015 08:00:16 AM,11/01/2014 12:00:00 AM,Scheduled,Arrival,International,31
01/15/2015 08:00:16 AM,11/01/2014 12:00:00 AM,Scheduled,Departure,Domestic,1395
01/15/2015 08:00:16 AM,11/01/2014 12:00:00 AM,Scheduled,Departure,International,31
02/15/2015 08:00:17 AM,12/01/2014 12:00:00 AM,Scheduled,Arrival,Domestic,1696
02/15/2015 08:00:17 AM,12/01/2014 12:00:00 AM,Scheduled,Arrival,International,40
02/15/2015 08:00:17 AM,12/01/2014 12:00:00 AM,Scheduled,Departure,Domestic,1697
02/15/2015 08:00:17 AM,12/01/2014 12:00:00 AM,Scheduled,Departure,International,39
